Afonso Cláudio,Águia Branca,Água Doce do Norte,Alegre,Alfredo Chaves,Alto Rio Novo,Anchieta,Apiacá,Aracruz,Atílio Vivacqua,Baixo Guandu,Barra de São Francisco,Boa Esperança,Bom Jesus do Norte,Brejetuba,Cachoeiro de Itapemirim,Cariacica,Castelo,Colatina,Conceição da Barra,Conceição do Castelo,Divino de São Lourenço,Domingos Martins,Dores do Rio Preto,Ecoporanga,Fundão,Governador Lindenberg,Guaçuí,Guarapari,Ibatiba,Ibiraçu,Ibitirama,Iconha,Irupi,Itaguaçu,Itapemirim,Itarana,Iúna,Jaguaré,Jerônimo Monteiro,João Neiva,Laranja da Terra,Linhares,Mantenópolis,Marataízes,Marechal Floriano,Marilândia,Mimoso do Sul,Montanha,Mucurici,Muniz Freire,Muqui,Nova Venécia,Pancas,Pedro Canário,Pinheiros,Piúma,Ponto Belo,Presidente Kennedy,Rio Bananal,Rio Novo do Sul,Santa Leopoldina,Santa Maria de Jetibá,Santa Teresa,São Domingos do Norte,São Gabriel da Palha,São José do Calçado,São Mateus,São Roque do Canaã,Serra,Sooretama,Vargem Alta,Venda Nova do Imigrante,Viana,Vila Pavão,Vila Valério,Vila Velha,Vitória
0,0,0,0,0,0,0,0,0,0,0,0,0,0,0,0,0,0,0,0,0,0,0,0,0,0,0,0,0,0,0,0,0,0,0,0,0,0,0,0,0,0,0,0,0,0,0,0,0,0,0,0,0,0,0,0,0,0,0,0,0,0,0,0,0,0,0,0,0,0,0,0,0,0,0,0,1,0
0,0,0,0,0,0,0,0,0,0,0,0,0,0,0,0,0,0,0,0,0,0,0,0,0,0,0,0,0,0,0,0,0,0,0,0,0,0,0,0,0,0,0,0,0,0,0,0,0,0,0,0,0,0,0,0,0,0,0,0,0,0,0,0,0,0,0,0,0,0,0,0,0,0,0,0,2,0
0,0,0,0,0,0,0,0,0,0,0,0,0,0,0,0,0,0,0,0,0,0,0,0,0,0,0,0,0,0,0,0,0,0,0,0,0,0,0,0,0,0,0,0,0,0,0,0,0,0,0,0,0,0,0,0,0,0,0,0,0,0,0,0,0,0,0,1,0,0,0,0,0,0,0,0,2,2
0,0,0,0,0,0,0,0,0,0,0,0,0,0,0,0,0,0,0,0,0,0,0,0,0,0,0,0,0,0,0,0,0,0,0,0,0,0,0,0,0,0,0,0,0,0,0,0,0,0,0,0,0,0,0,0,0,0,0,0,0,0,0,0,0,0,0,1,0,0,0,0,0,0,0,0,2,2
0,0,0,0,0,0,0,0,0,0,0,0,0,0,0,0,0,0,0,0,0,0,0,0,0,0,0,0,0,0,0,0,0,0,0,0,0,0,0,0,0,0,0,0,0,0,0,0,0,0,0,0,0,0,0,0,0,0,0,0,0,0,0,0,0,0,0,1,0,0,0,0,0,0,0,0,2,2
0,0,0,0,0,0,0,0,0,0,0,0,0,0,0,0,0,0,0,0,0,0,0,0,0,0,0,0,0,0,0,0,0,0,0,0,0,0,0,0,0,0,0,0,0,0,0,0,0,0,0,0,0,0,0,0,0,0,0,0,0,0,0,0,0,0,0,1,0,1,0,0,0,0,0,0,2,2
0,0,0,0,0,0,0,0,0,0,0,0,0,0,0,0,0,0,0,0,0,0,0,0,0,0,0,0,0,0,0,0,0,0,0,0,0,0,0,0,0,0,0,0,0,0,0,0,0,0,0,0,0,0,0,0,0,0,0,0,0,0,0,0,0,0,0,1,0,3,0,0,0,0,0,0,2,2
0,0,0,0,0,0,0,0,0,0,0,0,0,0,0,0,0,0,0,0,0,0,0,0,0,0,0,0,0,0,0,0,0,0,0,0,0,0,0,0,0,0,1,0,0,0,0,0,0,0,0,0,0,0,0,0,0,0,0,0,0,0,0,0,0,0,0,1,0,1,0,0,0,0,0,0,2,2
0,0,0,0,0,0,0,0,0,0,0,0,0,0,0,0,0,0,0,0,0,0,0,0,0,0,0,0,0,0,0,0,0,0,0,0,0,0,0,0,0,0,1,0,0,0,0,0,0,0,0,0,0,0,0,0,0,0,0,0,0,0,0,0,0,0,0,1,1,0,0,0,0,0,0,0,2,2
0,0,0,0,0,0,0,0,0,0,0,0,0,0,0,0,0,0,0,0,0,0,0,0,0,0,0,0,0,0,0,0,0,0,0,0,0,0,0,0,0,0,1,0,0,0,0,0,0,0,0,0,0,0,0,0,0,0,0,0,0,0,0,0,0,0,0,1,0,1,0,0,0,0,0,0,2,2
0,0,0,0,0,0,0,0,0,0,0,0,0,0,0,0,0,0,0,0,0,0,0,0,0,0,0,0,0,0,0,0,0,0,0,0,0,0,0,0,0,0,1,0,0,0,0,0,0,0,0,0,0,0,0,0,0,0,0,0,0,0,0,0,0,0,0,1,0,1,0,0,0,0,0,0,2,2
0,0,0,0,0,0,0,0,0,0,0,0,0,0,0,0,0,0,0,0,0,0,0,0,0,0,0,0,0,0,0,0,0,0,0,0,0,0,0,0,0,0,1,0,0,0,0,0,0,0,0,0,0,0,0,0,0,0,0,0,0,0,0,0,0,0,0,1,0,1,0,0,0,0,0,0,3,4
0,0,0,0,0,0,0,0,0,0,0,0,0,0,0,0,0,0,0,0,0,0,0,0,0,0,0,0,0,0,0,0,0,0,0,0,0,0,0,0,0,0,1,0,0,0,0,0,0,0,0,0,0,0,0,0,0,0,0,0,0,0,0,0,0,0,0,1,0,1,0,0,0,0,0,0,3,6
0,0,0,0,0,0,0,0,0,0,0,0,0,0,0,0,1,0,0,0,0,0,0,0,0,0,0,0,0,0,0,0,0,0,0,0,0,0,0,0,0,0,1,0,0,0,0,0,0,0,0,0,0,0,0,0,0,0,0,0,0,0,0,0,0,0,0,1,0,1,0,0,0,0,0,0,5,6
0,0,0,0,0,0,0,0,0,0,0,0,0,0,0,0,1,0,0,0,0,0,0,0,0,0,0,0,0,0,0,0,0,0,0,0,0,0,0,0,0,0,1,0,0,0,0,0,0,0,0,0,0,0,0,0,0,0,0,0,0,0,0,0,0,0,0,1,0,3,0,0,0,0,0,0,6,7
0,0,0,0,0,0,0,0,0,0,0,0,0,0,0,0,2,0,0,0,0,0,0,0,0,0,0,0,0,0,0,0,0,0,0,0,0,0,0,0,0,0,1,0,0,0,0,0,0,0,0,0,0,0,0,0,0,0,0,0,0,0,0,0,0,0,0,1,0,3,0,0,0,0,0,0,6,8
0,0,0,0,0,0,0,0,0,0,0,0,0,0,0,0,1,0,0,0,0,0,0,0,0,0,0,0,0,0,0,0,0,0,0,0,0,0,0,0,0,0,1,0,0,0,0,0,0,0,0,0,0,0,0,0,0,0,0,0,0,0,0,0,0,0,0,1,0,5,0,0,0,1,0,0,7,9
0,0,0,0,0,0,0,0,0,0,0,0,0,0,0,0,1,0,0,0,0,0,0,0,0,0,0,0,0,0,0,0,0,0,0,0,0,0,0,0,0,0,1,0,0,0,0,0,0,0,0,0,0,0,0,0,0,0,0,0,0,0,0,0,0,0,0,1,0,5,0,0,0,1,0,0,8,9
0,0,0,0,0,0,0,0,0,0,0,0,0,0,0,0,1,0,0,0,0,0,0,0,0,0,0,0,0,0,0,0,0,0,0,0,0,0,0,0,0,0,1,0,0,0,0,0,0,0,0,0,0,0,0,0,0,0,0,0,0,0,0,0,0,0,0,1,0,5,0,0,0,1,0,0,8,9
0,0,0,0,0,0,0,0,0,0,0,0,0,0,0,0,1,0,0,0,0,0,0,0,0,0,0,0,0,0,0,0,0,0,0,0,0,0,0,0,0,0,1,0,0,0,0,0,0,0,0,0,0,0,0,0,0,0,0,0,0,0,0,0,0,0,0,1,0,9,0,0,0,1,0,0,8,9
0,0,0,0,0,0,0,0,0,0,0,0,0,0,0,0,1,0,0,0,0,0,0,0,0,0,0,0,0,0,0,0,0,0,0,0,0,0,0,0,0,0,1,0,0,0,0,0,0,0,0,0,0,0,0,0,0,0,0,0,0,0,0,0,0,0,0,1,0,9,0,0,0,1,0,0,10,9
0,0,0,0,0,0,0,0,0,0,0,0,0,0,0,0,3,0,0,0,0,0,0,0,0,0,0,0,0,0,0,0,0,0,0,0,0,0,0,0,0,0,1,0,0,0,0,0,0,0,0,0,0,0,0,0,0,0,0,0,0,0,0,0,0,0,0,1,0,10,0,0,0,1,0,0,10,10
0,0,0,0,0,0,0,0,0,0,0,0,0,0,0,0,4,0,0,0,0,0,0,0,0,0,0,0,0,0,0,0,0,0,0,0,0,0,0,0,0,0,1,0,0,0,0,0,0,0,0,0,0,0,0,0,0,0,0,0,0,0,0,0,0,0,0,1,0,11,0,0,0,1,0,0,10,10
1,0,0,0,0,0,0,0,1,0,0,0,0,0,0,0,5,0,0,0,0,0,0,0,0,0,0,0,0,0,0,0,0,0,0,0,0,0,0,0,0,0,1,0,0,0,0,0,0,0,0,0,0,0,0,0,0,0,0,0,0,0,0,0,0,0,0,1,0,11,0,0,0,1,0,0,10,11
1,0,0,0,0,0,0,0,1,0,0,0,0,0,0,0,4,0,0,0,0,0,0,0,0,0,0,0,0,0,0,0,0,0,0,0,0,0,0,0,0,0,1,0,0,0,0,0,0,0,0,0,0,0,0,0,0,0,0,0,0,0,0,0,0,0,0,1,0,11,0,0,0,1,0,0,11,11
1,0,0,0,0,0,0,0,1,0,0,0,0,0,0,0,5,0,0,0,0,0,0,0,0,0,0,0,1,0,0,0,0,0,0,0,0,0,0,0,0,0,1,0,0,0,0,0,0,0,0,0,0,0,0,0,0,0,0,0,0,0,0,0,0,0,0,1,0,12,0,0,0,1,0,0,17,11
1,0,0,0,0,0,0,0,1,0,0,0,0,0,0,0,6,0,0,0,0,0,0,0,0,0,0,0,1,0,0,0,0,0,0,0,0,0,0,0,0,0,1,0,0,0,0,0,0,0,0,0,0,0,0,0,0,0,0,0,0,0,1,0,0,0,0,1,0,14,0,0,0,2,0,0,17,13
1,0,0,0,0,0,0,0,1,0,0,0,0,0,0,0,7,0,0,0,0,0,0,0,0,0,0,0,2,0,0,0,0,0,0,0,0,0,0,0,0,0,1,0,0,0,0,0,0,0,0,0,0,0,0,0,0,0,0,0,0,0,1,0,0,0,0,1,0,17,0,0,0,2,0,0,18,14
1,0,0,0,0,0,0,0,1,0,0,0,0,0,0,0,8,0,0,0,0,0,0,0,0,0,0,0,2,0,0,0,0,0,0,0,0,0,0,0,0,0,1,0,0,0,0,0,0,0,0,0,0,0,0,0,0,0,0,0,0,0,2,0,0,0,0,1,0,19,0,0,0,2,0,0,18,16
2,0,0,0,0,0,0,0,2,0,0,0,0,0,0,0,9,0,0,0,0,0,0,0,0,0,0,0,2,0,0,0,0,0,0,0,0,0,0,0,0,0,1,0,0,0,0,0,0,0,0,0,1,0,0,0,0,0,0,0,0,0,1,0,0,0,0,1,0,22,0,0,0,3,0,0,19,18
2,0,0,0,0,0,0,0,2,0,0,0,0,0,0,0,11,0,0,0,0,0,0,0,0,1,0,0,3,0,0,0,0,0,0,0,0,0,0,0,0,0,1,0,0,0,0,0,0,0,0,0,1,0,0,0,0,0,1,0,0,0,1,0,0,0,0,1,0,24,0,0,0,3,0,0,20,18
2,0,0,0,0,0,0,0,2,0,0,0,0,0,0,0,11,0,0,0,0,0,0,0,0,1,0,0,2,0,0,0,0,0,0,0,0,1,0,0,0,0,1,0,0,0,0,0,0,0,0,0,1,0,0,1,0,0,1,0,0,0,1,0,0,0,0,1,0,30,0,0,0,3,0,0,22,20
2,0,0,0,0,0,0,0,2,0,0,0,0,0,0,0,12,0,0,0,0,0,0,0,1,1,0,0,2,0,0,0,0,0,0,0,0,1,0,0,0,0,1,0,0,0,0,0,0,0,0,0,1,0,0,1,0,0,1,0,0,0,1,0,0,0,0,1,0,32,0,0,0,3,0,0,24,23
2,0,0,0,0,0,0,0,2,0,0,0,0,0,0,0,12,1,0,0,0,0,0,0,1,1,0,0,2,0,0,0,0,0,0,0,0,1,0,0,0,0,1,0,0,0,0,0,0,0,0,0,1,0,0,1,0,0,1,0,0,0,1,0,0,0,0,1,0,34,0,0,0,3,0,0,26,25
2,0,0,0,0,0,0,0,2,0,0,0,0,0,0,0,14,1,0,0,0,0,0,0,1,2,0,0,2,0,0,0,0,0,0,0,0,1,0,0,0,0,1,0,0,0,0,0,0,0,0,0,1,0,0,1,0,0,1,0,0,0,2,0,0,0,0,1,0,36,1,0,0,3,0,0,29,27
2,0,0,0,0,0,0,0,2,0,0,0,0,0,0,0,16,1,0,0,0,0,0,0,1,3,0,0,2,0,0,0,0,0,0,0,0,1,0,0,0,0,1,0,0,0,0,0,0,0,0,0,1,0,0,1,1,0,1,0,0,0,2,0,0,0,0,1,0,38,1,0,0,3,0,0,30,30
2,0,0,0,0,0,0,0,2,0,0,0,0,0,0,0,17,1,0,0,0,0,0,0,1,4,0,0,3,0,0,0,0,0,0,0,0,1,0,0,0,0,1,0,0,0,0,0,0,0,0,0,1,0,0,1,1,0,1,0,0,0,2,1,0,0,0,2,0,42,1,0,0,3,0,0,31,31
2,0,0,0,0,0,0,0,3,0,0,0,0,0,0,0,19,1,0,0,0,0,0,0,1,5,0,0,3,0,0,0,0,0,0,0,0,1,0,0,0,0,1,0,1,0,0,0,0,0,0,0,1,0,0,1,1,0,1,0,0,0,2,1,0,0,0,2,0,45,1,0,0,3,0,0,30,32
3,0,0,0,1,0,0,0,3,0,0,1,0,0,0,0,20,1,0,0,0,0,0,0,1,5,0,0,4,0,0,0,0,0,0,0,0,1,0,0,0,0,1,0,1,0,0,0,0,0,0,0,1,0,0,1,1,0,1,0,0,0,2,1,0,0,0,2,0,45,1,0,0,3,0,0,31,33
3,0,0,0,1,0,0,0,4,0,0,1,0,0,0,0,22,1,0,0,0,0,0,0,1,5,0,0,4,0,0,0,0,0,0,0,0,1,0,0,0,0,1,0,1,0,0,0,0,0,0,0,1,0,0,1,1,0,1,0,0,0,2,1,0,0,0,2,0,48,1,0,0,3,0,0,33,39
3,0,0,0,1,0,0,0,4,0,1,1,0,0,0,0,26,1,0,0,0,0,0,0,1,5,0,0,5,0,0,0,0,0,0,0,0,1,0,0,0,0,1,0,1,0,0,0,0,0,0,0,1,0,0,1,1,0,1,0,0,0,2,1,0,0,0,2,0,50,1,0,0,3,0,0,37,44
3,0,0,0,1,0,0,0,5,0,1,1,0,0,0,0,27,1,0,0,0,0,0,0,1,6,0,0,5,0,0,0,0,0,0,0,0,1,0,0,0,0,1,0,1,0,0,0,0,0,0,0,1,0,0,1,1,0,1,0,0,0,2,1,0,0,0,2,0,54,1,0,0,3,0,0,42,47
5,0,0,0,1,0,0,0,5,0,1,1,0,0,0,0,32,1,1,0,0,0,0,0,1,6,0,0,5,0,0,0,0,0,0,1,0,1,0,0,0,0,1,0,1,0,0,0,0,0,0,0,1,0,0,1,1,0,1,0,0,0,3,1,0,0,0,2,0,54,1,0,0,4,0,0,43,49
5,1,0,0,2,0,0,0,5,0,1,1,0,0,0,0,34,1,2,0,0,0,0,0,1,7,0,0,5,0,0,0,0,0,0,1,0,1,0,0,0,0,1,0,2,0,0,0,0,0,0,0,1,0,0,1,1,0,1,0,0,0,3,1,0,0,0,2,0,59,1,1,0,4,0,0,45,51
5,1,0,0,2,0,0,0,5,0,1,1,0,0,0,0,34,1,3,0,0,0,0,0,1,7,0,0,5,0,0,0,0,0,0,1,0,1,0,0,0,0,1,0,3,0,0,0,0,0,0,0,1,0,0,1,1,0,1,0,0,0,3,1,0,0,0,2,0,61,1,1,0,4,0,0,48,55
5,2,0,0,2,0,0,0,5,0,1,1,0,0,0,1,34,1,3,0,0,0,0,0,1,7,0,0,5,0,0,0,0,0,0,1,0,1,0,0,0,0,1,0,3,0,0,0,0,0,0,0,1,0,0,1,1,0,1,0,0,0,3,1,0,0,0,2,0,65,1,1,0,5,0,0,50,56
5,2,0,0,2,0,0,0,5,0,1,1,0,0,0,3,36,1,3,0,0,0,0,0,2,7,0,0,5,0,0,0,0,0,0,1,0,1,0,0,0,0,1,0,4,0,0,0,0,0,1,0,1,0,0,1,1,0,2,0,0,0,3,1,0,0,0,2,0,68,1,1,0,5,0,0,55,58
6,2,0,0,2,0,0,0,5,0,1,1,0,0,0,3,38,1,3,0,0,0,0,0,2,7,0,0,5,0,0,0,0,0,0,1,0,1,0,0,0,0,1,0,5,0,0,0,0,0,1,0,1,0,0,1,1,0,2,0,0,0,3,2,0,0,0,2,0,75,1,1,0,7,0,0,56,61
6,2,0,0,2,0,0,0,6,0,1,1,0,0,0,3,44,1,3,0,1,0,0,0,2,7,0,0,5,0,0,0,0,0,0,1,0,1,0,0,0,0,1,0,5,0,0,0,0,0,1,0,1,0,0,1,1,0,2,0,0,0,3,2,0,0,0,2,0,77,1,1,0,8,0,0,58,65
6,2,0,0,2,0,0,0,7,0,1,1,0,0,0,4,50,1,3,0,1,0,0,0,3,7,0,0,5,0,0,0,0,0,0,1,0,1,0,0,0,0,3,0,6,1,0,0,0,0,1,0,1,0,0,1,1,0,2,0,0,0,3,2,0,0,0,3,0,77,1,1,0,8,0,0,63,68
6,2,0,0,2,0,0,0,8,0,1,1,0,0,0,4,55,1,3,0,1,0,0,0,3,7,0,0,5,1,0,0,0,0,0,2,0,1,0,0,0,0,3,0,7,1,0,0,0,0,1,0,1,0,0,1,1,0,2,0,0,0,3,2,0,0,0,2,0,78,1,1,0,8,0,0,65,72
6,2,0,0,2,0,0,0,9,0,1,1,0,0,0,4,59,1,3,0,1,0,0,0,3,7,0,1,6,1,0,0,0,0,0,3,0,1,0,0,0,0,3,0,7,1,0,0,0,0,1,0,1,0,0,1,1,0,2,0,0,0,3,2,1,0,0,2,0,82,1,1,0,9,0,0,73,74
6,2,1,0,2,0,1,0,9,0,1,1,0,0,0,4,65,1,3,0,1,0,0,0,3,7,0,2,7,1,0,0,0,0,0,3,0,1,1,0,0,0,3,0,8,1,0,0,0,0,1,0,1,0,0,2,1,0,2,0,0,0,3,3,1,0,0,2,0,89,1,1,0,9,0,0,74,76
6,2,1,0,2,0,1,0,10,0,2,2,0,0,0,7,65,1,3,0,1,0,0,0,3,7,0,2,7,1,0,0,0,0,0,3,1,1,1,0,0,0,4,0,8,1,0,0,0,0,1,1,1,0,0,2,1,0,2,0,0,0,3,3,1,0,0,2,0,90,1,1,0,9,0,0,81,78
6,2,1,0,2,0,1,0,10,0,2,2,0,0,0,9,72,1,3,0,1,0,0,0,4,8,0,2,7,1,0,0,0,0,0,3,1,1,1,0,0,0,4,0,8,1,0,0,0,0,1,1,1,0,1,2,1,0,2,0,0,0,3,3,1,0,0,3,1,95,1,1,0,9,0,0,82,79
6,2,1,0,2,0,1,0,10,0,3,2,0,0,0,8,79,1,3,0,1,0,0,0,4,8,0,2,9,1,0,0,0,0,0,4,1,1,1,0,0,0,4,0,9,1,0,0,0,0,1,1,1,0,1,2,1,0,2,0,0,0,3,3,1,0,0,2,1,107,1,1,0,9,0,0,85,82
6,2,1,0,2,0,1,0,10,0,3,2,1,0,0,10,84,1,3,0,1,0,0,0,4,8,0,2,9,1,0,0,0,0,0,4,1,1,1,0,0,0,6,1,9,1,0,0,0,1,1,2,1,0,1,2,1,0,2,0,0,0,3,3,1,0,0,2,1,112,1,1,0,9,0,0,92,88
6,2,1,0,2,0,1,0,12,0,3,2,1,0,0,11,86,1,3,0,1,0,0,0,4,8,0,2,10,1,0,0,0,0,0,4,1,1,1,0,0,0,6,1,9,1,0,0,0,1,1,2,1,0,1,2,1,0,2,0,0,0,3,3,1,0,0,2,1,122,1,1,0,11,0,0,95,90
6,2,1,0,2,0,1,0,12,0,3,2,2,0,0,11,88,1,3,0,1,0,0,0,4,8,0,2,11,1,0,0,0,0,0,4,1,1,1,0,0,0,6,1,10,1,0,0,0,1,1,2,1,0,1,2,1,0,2,0,1,0,3,3,1,0,0,2,1,125,1,1,0,12,0,0,99,92
6,2,1,0,2,0,1,0,12,0,3,2,2,0,0,12,91,2,3,0,1,0,0,0,4,8,0,3,11,1,1,0,0,0,0,4,1,1,1,0,0,0,6,1,13,1,0,0,0,1,1,2,1,0,1,2,1,0,2,0,1,0,3,3,1,0,0,2,1,127,2,1,0,12,0,0,99,96
6,2,1,0,2,0,1,0,13,0,3,2,3,0,0,12,92,2,4,0,1,0,0,0,4,8,0,3,14,1,1,0,0,0,0,6,1,1,1,0,0,0,8,1,14,2,0,0,0,1,1,2,2,0,1,2,1,0,2,0,1,0,4,3,1,0,0,3,1,136,2,1,0,13,0,0,111,98
6,2,2,0,2,0,2,0,13,0,3,2,3,0,0,13,94,2,5,1,1,0,0,0,4,8,0,3,14,1,1,1,0,0,0,6,1,1,1,0,0,0,8,1,15,2,0,0,0,1,1,2,2,0,1,3,1,0,2,0,1,0,4,3,1,0,0,3,1,143,2,1,0,13,0,0,121,103
6,2,2,0,2,0,2,0,13,0,3,2,3,0,0,15,108,2,5,1,1,0,0,0,4,8,0,3,16,1,1,1,0,0,0,6,1,1,1,0,0,0,10,1,15,3,0,0,0,1,1,2,2,0,1,3,1,0,2,0,1,0,4,3,1,0,0,3,1,146,2,1,0,14,0,0,125,109
6,2,2,0,2,0,3,0,13,0,3,3,3,0,0,15,117,2,5,1,1,0,0,0,4,8,0,3,16,1,1,1,0,0,0,7,1,1,1,0,1,0,9,1,15,3,0,1,0,1,1,2,2,0,1,3,1,0,2,0,1,0,4,3,1,0,0,3,2,152,2,1,0,15,0,0,137,113
6,2,2,0,3,0,3,0,14,0,4,4,3,0,0,16,125,2,5,1,1,0,0,0,4,8,0,3,17,1,1,1,0,0,0,7,1,1,1,0,1,0,9,1,15,3,0,1,0,1,1,2,2,0,1,3,1,0,2,0,1,0,4,3,2,0,0,4,2,157,2,1,0,15,0,0,143,119
6,2,2,0,3,0,3,0,14,0,4,4,3,0,0,17,129,2,5,1,1,0,1,0,4,8,0,4,17,1,1,1,0,0,0,10,1,1,1,0,1,0,9,1,15,4,0,1,0,1,1,2,2,0,1,3,1,0,2,0,1,0,4,3,2,0,0,4,2,161,2,1,0,15,0,0,145,122
6,2,2,0,3,0,3,0,15,0,4,4,3,0,0,18,133,2,7,1,1,0,1,0,5,8,0,4,17,1,1,1,0,0,0,10,1,1,1,0,1,0,10,1,18,4,0,1,0,1,1,3,2,0,1,3,2,0,2,0,1,0,4,5,2,0,0,5,2,166,2,1,0,16,0,0,151,126
6,2,2,0,2,0,3,0,15,0,5,4,3,0,0,19,138,2,8,1,1,0,1,0,5,8,0,4,18,2,1,1,0,0,0,12,1,1,1,0,2,0,11,1,18,4,0,1,0,1,1,3,2,0,1,3,2,0,2,0,1,0,4,5,2,0,0,6,2,169,2,1,1,18,0,0,156,133
7,2,2,0,2,0,3,0,15,0,5,4,3,0,0,20,146,3,11,1,1,0,2,0,5,8,0,4,18,2,1,1,0,0,0,12,1,1,1,0,2,0,11,1,18,4,0,1,0,1,1,3,2,0,1,3,2,0,2,0,1,0,4,5,2,0,0,6,2,180,2,1,1,19,0,0,160,138
7,2,2,0,2,0,3,0,18,0,6,6,3,0,0,20,151,3,12,1,1,0,3,0,5,9,0,5,19,2,1,1,0,0,0,14,1,1,1,0,2,0,11,1,19,4,0,1,0,1,1,3,4,0,1,3,2,0,3,0,1,0,4,5,3,0,0,7,2,192,2,1,1,20,0,0,161,147
7,2,2,0,2,0,3,0,18,0,7,6,3,0,0,21,152,3,12,1,1,0,3,0,5,9,0,5,19,2,1,3,0,0,0,14,1,1,1,0,3,0,12,1,20,4,0,1,0,1,1,4,4,0,1,3,2,0,3,0,1,0,4,5,3,0,0,7,2,198,2,1,1,21,0,0,165,153
7,2,2,0,2,0,4,0,18,0,7,6,3,0,0,22,155,3,12,1,1,0,3,0,5,9,0,5,22,2,1,3,0,0,0,16,1,2,2,0,3,0,13,1,20,4,0,1,1,1,1,4,4,0,2,3,2,0,3,0,1,0,4,5,3,0,0,9,2,202,2,1,1,22,0,0,173,159
7,2,2,0,2,0,4,0,18,0,7,6,3,0,0,25,157,3,12,1,1,0,3,0,5,9,0,5,23,3,1,3,0,0,0,18,1,2,2,0,3,0,14,1,21,4,0,1,1,1,1,4,4,0,2,3,3,0,3,0,1,0,5,5,3,0,0,10,2,204,3,1,1,23,0,1,178,164
7,2,2,0,2,0,4,0,19,0,7,6,3,0,0,26,159,3,13,1,1,0,3,0,5,9,0,5,23,3,1,3,0,0,0,18,1,2,2,0,3,0,14,1,24,4,0,1,1,1,1,4,5,0,2,3,3,0,3,0,1,0,5,5,3,0,0,10,2,209,3,1,1,23,0,1,182,168
7,2,2,0,3,0,4,0,21,0,7,6,3,0,0,28,161,3,16,1,1,0,3,0,5,9,0,5,24,3,1,3,0,0,0,18,1,2,2,0,3,0,17,1,24,5,0,2,1,1,1,4,5,0,2,3,3,0,3,0,1,0,5,5,3,0,0,11,2,214,3,1,1,25,0,1,192,173
7,2,2,0,3,0,4,0,21,0,7,6,3,0,0,29,168,3,17,1,1,0,3,0,5,9,0,5,25,4,1,3,0,0,0,18,1,3,2,0,3,0,17,1,24,5,0,2,1,1,1,4,5,0,2,3,3,0,3,0,1,0,5,5,3,0,0,12,2,216,4,1,1,27,0,1,198,181
7,2,2,0,3,0,4,0,22,1,7,6,3,0,0,31,177,3,17,1,2,0,3,0,5,9,0,5,30,4,1,3,0,0,0,18,1,3,2,0,3,0,18,1,24,5,0,2,1,1,1,4,5,0,2,3,3,0,4,0,2,0,5,5,3,1,0,13,2,221,4,1,2,28,0,2,208,188
7,2,2,1,3,0,4,0,22,1,7,6,3,0,0,32,183,3,19,1,2,0,3,0,5,9,0,5,31,4,2,3,0,0,0,20,1,3,2,0,3,0,19,1,24,5,1,2,1,1,1,5,6,0,2,3,3,0,4,0,3,1,5,5,3,1,0,13,2,226,4,1,2,29,0,2,218,193
7,2,2,1,3,0,4,0,23,1,7,6,3,0,0,36,191,4,21,2,2,0,3,0,5,9,0,5,31,4,2,3,0,0,0,21,1,3,3,0,3,0,19,1,25,7,1,2,1,1,1,5,6,0,2,3,3,0,4,0,3,1,5,5,3,1,0,13,2,233,4,1,2,31,0,2,223,200
7,2,2,1,3,0,4,0,23,1,7,6,3,0,0,40,195,4,21,2,2,0,3,0,5,9,0,5,31,4,2,3,0,0,0,22,1,3,3,0,3,0,21,1,25,8,1,2,1,1,1,5,6,0,3,3,3,0,4,0,5,1,5,5,3,1,0,13,2,236,4,1,2,34,0,2,226,204
7,2,2,1,3,0,5,0,23,1,7,6,3,0,0,42,202,5,21,2,2,0,3,0,5,9,0,6,32,4,3,3,0,0,0,23,1,5,3,0,3,0,23,1,26,8,1,2,1,1,1,5,7,0,3,3,3,0,4,0,5,1,5,5,3,1,0,13,2,241,4,1,2,35,0,2,233,206
8,2,2,1,3,1,5,0,23,1,7,6,3,0,0,43,206,5,24,2,2,0,3,0,5,9,0,6,32,4,3,3,0,0,0,25,1,7,3,0,4,0,26,2,27,8,1,2,1,1,1,5,8,2,3,4,3,0,4,0,5,2,5,5,4,1,0,14,2,247,4,1,2,35,0,2,243,212
8,2,2,1,3,1,5,0,24,1,7,6,3,0,0,49,210,5,25,2,2,0,3,0,5,9,0,6,34,4,3,3,0,0,0,25,1,7,3,0,4,0,27,2,27,9,1,2,1,1,1,5,9,2,3,4,3,0,4,0,5,2,6,5,5,1,0,15,2,252,4,1,2,36,0,2,251,221
8,2,2,1,3,1,6,0,27,1,7,6,3,0,0,54,215,5,26,3,2,0,3,0,5,10,0,7,34,4,3,3,0,0,0,26,1,7,4,0,4,0,27,2,29,11,2,2,1,1,2,5,9,2,3,4,4,0,4,0,5,2,6,5,6,1,0,15,2,256,4,1,2,37,0,2,254,227
8,2,2,2,3,1,6,0,29,1,7,6,3,0,0,56,218,5,26,3,2,0,3,0,5,9,0,7,34,4,3,3,0,0,0,27,1,7,4,0,4,0,27,2,30,12,2,2,1,1,2,5,9,2,4,4,5,0,4,0,5,2,6,5,6,1,0,15,2,260,4,1,2,38,0,2,257,232
8,2,2,2,3,1,6,1,29,1,7,6,3,0,0,57,220,5,26,3,2,0,3,0,5,9,0,6,34,4,4,3,0,0,0,27,1,7,4,0,4,0,27,2,31,12,2,2,1,1,2,5,9,2,4,5,5,0,4,0,5,2,6,6,6,1,0,15,2,265,5,1,2,38,0,2,257,233
8,2,2,2,3,1,6,1,29,2,7,6,3,0,0,57,224,5,26,3,2,0,3,0,5,9,0,6,34,4,4,3,0,0,0,27,1,8,4,0,4,0,32,2,31,12,2,2,1,1,3,5,10,2,4,5,5,0,4,1,5,2,6,6,6,1,0,15,2,269,5,1,2,38,0,2,270,233
8,2,2,4,3,1,6,1,29,2,7,6,4,0,0,57,224,5,28,4,2,0,4,0,5,9,0,6,38,4,4,3,0,0,0,27,2,9,4,0,4,0,35,2,32,12,3,2,1,1,3,5,10,2,4,6,5,0,4,1,5,2,7,6,7,1,0,15,3,282,5,1,2,38,0,2,280,243
8,2,2,4,3,1,7,1,30,2,7,6,4,1,0,58,233,5,34,4,2,0,4,0,5,9,0,6,39,4,4,3,0,0,0,29,1,9,4,0,4,0,36,2,32,13,3,2,1,1,3,5,10,2,4,6,5,0,4,2,5,2,7,6,7,2,0,15,3,283,6,1,2,38,0,2,281,254
8,2,2,4,3,1,8,1,30,2,8,6,4,1,0,61,240,5,36,4,2,0,4,0,5,9,0,7,41,4,4,3,0,0,0,29,1,9,4,0,4,0,38,2,32,14,3,2,1,1,3,5,10,2,4,6,5,0,4,2,5,3,7,6,7,2,0,15,3,287,6,1,2,40,0,2,284,252
8,2,2,4,3,1,9,1,30,2,8,6,4,1,0,66,241,6,38,4,2,0,4,1,6,9,0,7,42,4,4,3,1,0,0,30,1,9,4,0,4,0,38,2,32,14,3,2,1,1,3,5,11,2,4,6,5,0,4,2,5,3,7,6,7,2,0,16,3,289,7,1,3,40,0,3,288,261
8,2,2,5,3,2,10,1,30,2,9,6,4,1,0,67,240,6,38,4,2,0,4,1,6,9,0,7,46,4,4,3,0,0,0,30,1,9,4,1,4,0,38,2,32,14,3,2,2,1,3,5,13,2,4,6,6,0,4,3,5,3,7,6,7,3,0,16,3,289,7,1,3,40,0,3,294,266
9,2,2,5,3,2,10,2,32,2,9,6,4,2,0,71,244,7,39,4,2,0,4,1,6,9,0,7,47,4,4,3,0,0,0,30,1,11,4,1,5,0,38,2,32,14,3,2,3,1,3,6,14,2,4,6,6,0,5,3,5,3,7,6,7,4,0,17,3,298,6,2,3,40,0,3,298,269
9,2,3,5,3,2,10,2,32,2,9,6,4,2,0,74,246,7,40,4,2,0,4,1,6,9,0,7,47,6,4,3,1,0,0,31,1,12,4,1,5,0,40,2,33,15,3,2,3,1,3,6,14,3,5,6,6,0,5,3,5,3,7,6,7,4,0,17,4,306,6,2,3,40,0,3,302,272
10,2,3,6,3,2,10,2,32,2,9,6,4,2,0,74,248,7,40,4,2,0,6,1,6,9,0,7,50,6,4,3,0,0,0,31,1,12,4,1,5,0,41,2,33,15,3,2,3,1,3,6,14,4,5,6,6,1,5,3,5,3,7,6,7,4,0,20,4,310,6,2,3,40,0,3,307,273
10,2,3,6,3,2,10,2,34,2,9,6,4,2,0,75,252,9,42,4,2,0,6,1,6,9,0,7,51,6,4,3,0,0,0,31,1,12,4,1,5,0,42,2,33,15,3,2,3,1,3,7,14,4,5,8,6,1,5,3,5,3,7,6,7,4,0,20,4,317,6,2,3,40,0,3,310,278
10,2,3,6,3,2,11,2,35,2,9,7,4,2,0,78,255,10,48,5,2,0,6,1,6,9,0,7,53,6,6,3,0,0,0,32,1,13,4,1,5,0,43,2,33,15,3,2,3,1,3,7,14,4,5,9,6,1,5,3,5,3,7,6,7,6,0,22,4,321,6,2,3,40,0,3,319,285
10,2,3,6,3,2,11,2,35,2,9,7,4,2,0,79,258,10,51,5,2,0,6,1,6,9,0,7,54,6,6,3,0,1,0,32,1,13,5,1,5,0,44,2,33,15,3,2,3,1,3,7,14,4,5,9,6,1,5,3,6,3,8,6,7,6,0,22,4,325,6,2,3,41,0,3,322,285
10,2,3,6,3,2,11,2,35,2,9,7,4,2,0,79,259,10,53,5,2,0,6,1,6,9,0,7,58,6,6,3,0,1,0,32,1,13,5,1,5,0,44,2,33,15,3,2,3,1,3,7,14,4,5,9,6,1,5,3,8,3,8,6,7,7,0,23,4,329,6,3,3,43,0,3,328,287
10,2,3,6,3,2,11,2,35,2,9,7,4,2,0,81,263,10,54,5,2,0,6,1,6,10,0,7,63,6,6,3,0,1,0,32,1,13,5,1,5,0,45,2,36,15,3,2,3,1,3,7,14,4,5,9,7,1,6,3,8,3,8,6,8,7,0,23,4,348,6,3,3,43,0,3,329,290
10,2,3,8,3,2,12,2,35,2,9,7,4,2,0,81,265,10,55,5,2,0,6,1,6,10,0,7,64,6,6,3,0,1,0,33,1,13,5,1,5,1,45,2,35,15,3,2,3,1,3,7,14,4,5,9,8,1,6,3,8,3,8,6,8,8,0,23,4,353,6,3,3,45,0,3,335,294
10,2,3,7,3,2,12,2,36,2,9,7,4,2,0,83,265,11,56,5,2,0,6,1,6,10,0,7,64,7,6,3,0,1,0,33,1,13,5,1,5,1,47,2,35,16,3,2,3,1,3,7,14,4,5,9,9,1,7,4,8,4,8,6,8,8,0,23,4,353,6,4,3,45,0,3,337,296
10,2,3,7,3,2,12,2,37,2,9,7,4,2,0,84,266,11,58,5,2,0,6,1,6,10,0,7,68,6,7,4,0,1,0,33,1,13,5,1,5,1,53,2,36,16,3,3,3,1,3,7,14,4,5,9,9,1,7,4,8,4,8,6,8,8,0,23,4,358,6,4,3,46,0,4,337,301
10,2,3,7,3,2,13,2,40,2,9,7,4,3,0,86,271,11,58,6,2,0,6,1,6,10,0,7,68,6,7,4,0,1,0,33,1,13,5,1,5,1,53,3,36,16,3,3,3,1,3,7,14,4,6,9,9,1,7,4,8,4,8,6,8,9,0,23,4,359,7,4,3,46,0,4,339,306
10,2,3,7,4,2,14,2,40,2,9,8,4,3,0,86,276,12,62,6,2,0,6,1,6,10,0,8,68,6,7,4,0,1,0,33,1,15,5,3,5,1,55,3,36,16,3,3,3,1,3,7,14,4,7,9,9,1,7,5,8,5,8,6,8,9,0,24,4,359,7,4,3,48,0,4,342,308
10,2,3,8,4,2,14,2,40,2,9,8,4,3,0,88,279,14,62,6,2,0,6,1,6,10,0,9,68,7,7,4,0,1,0,33,1,16,5,3,5,1,55,3,36,16,3,3,3,1,3,7,15,4,7,9,9,1,7,5,8,5,8,6,8,9,0,26,4,361,7,4,3,48,0,4,353,315
10,2,3,8,4,2,14,2,43,2,9,8,5,3,0,90,285,14,63,6,2,0,6,1,6,10,0,9,68,7,7,4,0,1,0,33,1,17,5,3,5,1,58,3,37,16,3,3,4,1,3,7,15,4,8,9,9,1,8,5,8,5,8,6,8,9,0,26,4,365,7,4,3,49,0,6,358,318
11,2,3,8,4,2,14,2,43,2,9,9,6,3,0,92,287,14,64,7,2,0,6,1,6,10,0,11,69,7,7,4,0,1,0,33,1,17,5,3,5,1,60,3,37,16,3,3,4,1,3,7,15,4,8,9,10,1,9,5,9,5,8,6,8,10,0,27,5,366,7,4,3,49,0,6,360,321
11,2,3,8,4,2,14,2,43,2,9,9,7,3,0,92,293,14,68,7,2,0,6,1,6,10,0,11,71,7,7,4,0,1,0,33,1,17,5,3,5,1,60,3,38,16,3,3,4,1,3,7,16,4,8,10,10,1,9,5,9,5,8,6,8,10,0,31,5,370,7,4,4,49,0,6,367,321
11,2,3,10,4,2,14,2,43,2,9,9,7,3,0,93,294,16,70,7,2,0,6,1,6,10,0,11,71,7,7,4,0,2,0,33,1,17,5,3,5,1,60,3,38,16,3,3,4,1,3,7,16,4,8,10,10,1,9,5,9,5,8,6,8,10,0,31,5,376,7,5,4,49,0,6,373,320
11,2,3,10,4,2,14,2,43,2,9,9,8,3,0,94,299,17,71,7,2,0,6,1,6,10,0,11,73,7,7,4,0,2,0,34,1,17,5,3,5,1,64,3,39,16,3,3,4,1,3,7,17,4,8,10,10,1,9,5,9,6,8,6,8,10,0,31,5,389,7,5,4,50,0,7,374,320
12,2,3,10,4,2,14,2,43,2,10,10,8,3,0,94,303,17,72,7,2,0,6,1,6,11,0,11,73,7,9,4,0,2,0,35,1,17,5,3,5,1,65,3,39,16,3,3,4,1,4,7,17,4,8,10,10,1,9,5,9,6,8,6,8,10,0,35,5,391,7,5,4,51,0,7,376,325
12,2,3,10,4,2,14,2,44,2,10,10,8,3,0,95,307,18,74,7,2,0,6,1,7,11,0,11,74,7,9,4,0,2,0,35,1,17,5,3,5,1,66,3,40,17,3,3,4,1,4,8,17,4,8,10,10,1,10,5,10,6,8,6,8,10,0,35,5,396,8,5,5,52,0,7,381,329
12,2,3,10,4,3,15,2,45,2,10,10,9,3,0,97,315,18,75,7,2,0,6,1,7,11,0,11,74,7,9,4,0,2,0,35,1,17,5,3,5,1,66,3,40,17,3,3,4,1,4,8,18,4,8,10,10,1,11,5,10,6,8,6,8,10,0,35,5,400,8,6,5,53,0,7,381,333
12,2,3,10,4,3,15,2,45,2,11,10,9,3,0,98,323,18,75,8,3,0,6,1,7,12,0,11,74,7,9,4,0,2,0,35,1,17,5,3,5,1,68,3,40,17,3,3,4,1,4,8,18,4,8,10,10,1,11,5,10,6,8,6,8,10,0,36,5,401,8,8,7,54,0,8,383,336
12,2,3,10,4,4,15,2,48,2,10,10,10,3,0,99,322,19,76,8,3,0,6,1,7,13,0,11,77,7,9,4,0,2,0,35,1,17,5,3,5,1,69,4,40,17,3,3,4,1,4,8,18,4,8,10,10,1,11,5,10,6,8,6,8,10,1,37,5,403,9,8,7,54,0,9,385,340
12,2,4,10,4,4,15,2,49,2,10,10,10,3,0,101,324,19,78,8,3,0,6,1,7,13,0,11,79,7,9,4,0,2,0,35,1,17,5,3,5,1,71,4,40,17,3,3,4,1,4,8,18,4,8,11,10,1,11,5,10,6,8,7,8,10,1,37,5,409,9,8,8,54,0,9,388,342
12,3,5,11,4,4,15,2,52,2,10,10,10,3,0,101,327,20,79,8,3,0,6,1,7,13,0,12,80,7,9,4,0,2,0,35,1,17,5,3,5,1,71,4,40,17,3,3,4,1,4,8,18,4,8,11,10,1,12,5,10,6,8,7,8,11,1,37,5,414,9,8,8,54,0,9,390,342
12,3,5,11,4,4,15,2,53,2,10,10,11,3,0,102,330,20,81,8,3,0,7,1,7,13,0,12,79,7,9,4,0,2,0,35,1,17,5,3,5,1,72,4,41,17,3,3,4,1,4,8,18,4,8,11,10,1,12,5,10,6,8,7,8,11,1,38,5,418,9,8,8,54,0,9,395,345
12,3,5,12,4,4,15,2,53,2,12,11,11,3,0,103,331,21,82,8,3,0,9,1,7,13,0,12,79,9,9,4,0,2,0,35,1,18,5,3,5,1,72,4,42,17,3,3,4,1,4,8,19,4,8,11,10,1,12,5,10,6,8,7,8,12,1,39,5,422,9,8,8,54,0,9,400,348
12,3,5,12,4,5,16,2,53,2,12,12,11,5,0,105,334,21,83,8,3,0,8,1,7,13,0,12,79,10,9,4,0,2,0,35,1,19,5,3,5,1,72,4,42,17,3,3,4,1,4,8,21,6,9,11,10,1,12,6,10,6,8,7,8,12,2,39,5,424,9,9,8,54,0,9,405,353
12,3,5,12,4,5,16,2,54,2,12,12,11,5,0,107,340,21,83,8,3,0,8,1,7,13,0,12,79,10,9,4,0,2,0,35,1,19,5,3,5,1,74,4,42,17,3,3,4,1,4,8,21,6,9,12,10,1,12,6,10,6,8,7,8,12,2,39,5,423,9,9,8,54,0,9,407,356
12,3,5,12,4,5,17,2,54,2,12,12,11,5,0,107,346,22,85,8,3,0,8,1,7,13,0,12,81,10,9,4,0,2,0,35,1,19,5,3,5,1,76,4,42,17,3,3,4,1,4,8,21,6,9,12,10,1,13,6,10,6,8,7,8,12,2,39,5,424,9,9,8,55,0,9,409,357
12,3,5,12,4,5,17,2,54,3,14,12,11,5,0,109,348,22,85,8,3,0,8,1,7,14,0,12,81,10,9,4,0,2,0,35,1,19,6,3,5,1,76,4,43,17,3,3,5,1,4,8,22,6,9,13,10,1,13,6,10,6,8,7,8,12,3,41,5,427,9,9,8,55,0,9,411,357
12,3,5,12,4,5,17,2,57,3,14,13,11,5,0,109,348,23,84,10,3,0,8,1,7,15,0,12,82,10,9,4,0,3,0,35,1,19,6,3,6,1,76,4,43,17,3,4,5,1,4,9,22,6,9,14,10,1,13,7,10,6,8,7,8,13,2,42,6,432,9,9,8,55,0,9,415,358
12,3,5,12,4,5,17,2,57,3,14,14,11,5,0,110,351,23,85,10,3,0,8,1,7,15,0,12,83,10,9,4,0,3,0,35,1,19,6,3,6,1,76,4,43,17,3,4,5,1,4,9,23,6,9,14,11,1,13,7,11,6,8,7,8,13,2,43,6,435,9,9,8,56,0,9,417,362
12,3,5,12,4,5,17,2,57,3,14,14,11,5,0,111,353,23,85,10,3,0,8,1,7,15,0,12,83,10,9,4,0,4,1,37,1,19,6,3,6,1,77,5,44,17,3,4,6,1,4,9,23,6,9,14,11,1,13,7,11,6,8,7,8,13,2,43,6,440,9,9,8,56,1,10,422,366
12,3,5,12,5,5,17,2,57,3,14,15,12,5,0,113,356,23,87,10,3,0,8,1,7,15,0,12,85,10,9,4,0,4,1,37,1,19,6,3,6,1,77,5,44,17,3,4,6,1,4,9,23,6,9,14,11,1,14,7,11,6,8,7,8,13,2,44,6,443,9,10,8,56,1,10,426,371
12,3,6,12,5,5,18,2,57,3,14,15,12,5,0,113,356,25,87,10,3,0,8,1,8,16,0,12,85,10,9,4,0,4,2,38,1,19,6,3,6,1,80,5,44,17,3,4,6,1,4,9,24,6,9,14,11,1,15,7,11,6,8,8,8,13,2,44,6,443,9,10,9,56,1,10,427,374
12,3,6,13,5,5,18,2,57,3,14,15,12,5,0,116,356,25,87,10,3,0,8,1,8,16,0,12,87,10,9,4,0,4,1,39,1,19,6,3,6,2,80,5,44,17,3,4,6,1,4,9,24,6,9,15,11,1,17,7,11,6,8,8,8,13,2,46,6,443,9,10,9,56,1,10,432,376
13,3,6,13,5,5,18,2,58,4,14,16,12,5,0,118,356,25,90,10,3,0,8,1,8,16,0,12,87,10,9,4,0,4,1,39,1,19,6,3,6,2,81,5,44,17,3,4,6,1,4,9,24,6,10,15,11,1,17,7,11,6,8,8,8,14,2,47,6,446,9,10,9,57,1,10,432,380
14,3,6,13,5,5,18,2,59,4,15,16,12,5,0,119,357,25,94,10,3,0,9,1,8,16,0,12,88,10,9,4,0,4,1,40,1,19,6,3,6,2,82,5,44,17,3,4,6,1,4,9,24,6,10,15,12,1,17,7,11,6,8,8,8,15,3,47,6,450,10,10,9,57,1,10,433,382
14,3,6,13,5,5,18,2,62,4,15,17,12,5,0,119,358,25,96,10,4,0,9,1,8,16,0,13,88,10,9,4,0,4,1,40,1,20,7,3,6,2,84,5,44,17,3,4,6,1,4,9,24,6,10,15,13,1,17,7,12,7,8,8,8,15,3,49,6,452,10,10,9,58,1,10,434,383
14,3,6,14,5,5,19,2,61,4,15,17,12,5,0,121,360,25,96,10,4,0,9,1,8,16,0,13,91,10,9,4,0,4,1,40,1,20,7,3,6,2,86,6,44,17,3,4,6,1,4,9,24,6,10,15,13,1,17,7,12,7,9,8,8,16,3,49,6,453,11,10,9,58,1,10,440,385
15,3,6,14,5,5,19,2,62,4,15,18,12,5,0,122,364,25,96,11,4,0,9,1,8,16,0,13,91,10,9,4,0,4,1,40,3,20,8,4,6,2,87,7,44,17,3,4,6,1,4,9,24,6,10,15,13,1,17,7,12,8,9,9,8,16,3,49,6,456,11,10,9,57,1,10,443,384
15,3,6,14,5,5,19,2,62,4,15,18,12,5,0,123,366,25,96,11,4,0,9,1,8,16,0,13,91,10,9,4,0,4,1,40,3,20,8,4,6,2,87,7,44,17,3,4,6,1,4,9,24,6,10,15,13,1,17,7,12,8,9,9,8,16,3,50,6,458,11,10,9,58,1,10,444,383
15,3,6,14,5,5,19,2,64,4,15,18,12,5,0,126,370,25,98,11,4,0,9,1,8,16,0,14,91,10,9,4,0,4,1,41,3,20,9,5,6,2,88,7,45,17,3,5,7,1,4,9,24,6,10,15,13,1,17,7,12,8,9,9,8,16,3,53,6,459,11,10,9,58,1,10,448,382
15,3,6,14,5,5,19,3,65,5,15,18,12,5,0,128,373,25,100,11,4,0,9,1,9,16,0,14,92,10,9,4,0,5,1,41,2,20,9,5,6,2,89,7,45,17,3,5,7,1,4,9,24,6,11,15,13,1,17,8,12,9,9,9,8,17,3,53,7,461,12,10,9,58,1,10,448,384
15,3,6,14,5,6,19,3,65,5,15,18,12,5,0,131,378,25,100,12,4,0,9,1,9,16,0,15,93,10,9,4,0,5,1,41,2,20,9,5,6,2,90,7,45,18,3,5,7,1,4,9,25,6,11,15,15,1,17,8,12,9,9,9,8,18,3,54,7,465,12,10,9,58,1,10,449,389
15,3,6,14,5,6,20,4,65,5,15,20,12,5,0,132,380,26,102,12,4,0,9,1,9,16,1,15,93,10,9,4,0,5,1,41,2,21,9,5,6,2,92,7,45,18,3,5,8,1,4,9,25,7,12,15,15,1,17,8,12,9,9,9,8,18,3,54,7,469,13,10,9,58,1,10,450,389
16,3,7,14,5,6,20,4,65,5,15,20,12,5,0,132,385,26,102,12,4,0,9,1,9,16,1,15,93,10,9,4,0,5,1,41,2,21,9,5,7,2,96,7,45,18,3,5,8,2,4,9,25,7,12,16,16,1,17,8,12,10,10,9,8,18,3,54,7,473,13,10,9,58,1,10,452,391
16,3,7,15,5,6,20,4,66,5,15,20,12,5,0,134,389,27,103,12,4,0,9,1,9,16,1,16,94,10,9,4,0,6,1,41,2,21,9,6,7,2,96,7,45,18,3,5,8,2,4,9,25,7,12,17,16,1,17,8,12,10,10,9,8,19,3,54,7,471,13,10,9,57,1,10,456,392
16,3,7,15,5,6,20,4,66,5,15,20,12,5,0,135,391,28,103,12,4,0,9,1,9,17,1,16,93,10,9,5,0,6,1,41,2,21,10,6,7,2,98,7,46,18,3,5,8,2,4,9,25,7,12,17,16,1,17,8,12,10,10,9,8,20,3,55,7,468,14,10,9,57,1,10,457,394
16,3,7,15,5,6,20,4,66,5,15,20,12,5,0,137,393,28,103,12,4,0,9,1,9,17,1,16,94,10,9,5,0,6,1,41,2,21,10,6,7,2,98,7,47,18,3,5,8,2,4,9,25,7,14,17,17,1,17,8,12,10,10,9,8,21,3,58,7,467,14,10,9,58,1,10,461,395
16,3,7,15,5,6,20,4,66,5,15,20,12,5,0,138,393,27,104,12,4,1,9,1,9,17,1,17,94,10,9,5,0,6,1,41,2,21,10,6,7,2,103,7,47,18,3,5,8,2,4,9,25,7,14,17,17,1,17,8,12,11,10,9,8,21,3,58,7,468,15,10,9,58,1,10,465,397
16,4,7,15,5,5,20,4,66,5,14,21,12,5,0,139,396,28,105,12,4,1,10,1,9,17,1,17,94,11,9,5,0,7,1,41,2,21,10,6,7,2,103,7,47,18,3,5,8,2,4,9,25,8,14,17,17,1,17,8,12,11,10,9,8,21,3,61,7,473,15,10,9,58,1,10,466,398
16,4,7,15,5,5,20,4,66,5,14,21,12,5,0,141,400,28,107,12,4,1,12,1,9,17,1,17,94,11,10,5,0,7,1,41,2,21,10,6,7,2,103,7,47,19,3,5,8,2,4,10,25,8,14,17,17,1,17,8,12,11,10,9,8,21,3,62,7,474,15,10,9,60,1,10,468,399
16,4,7,15,5,5,20,4,66,5,14,21,13,5,0,147,402,28,107,12,4,1,12,1,9,17,1,17,94,11,10,5,0,7,1,41,2,21,10,7,7,2,103,7,47,19,3,5,8,2,4,10,25,8,14,17,18,1,17,8,12,11,10,9,8,21,3,62,7,471,15,10,9,61,1,10,471,402
16,4,7,15,5,5,20,4,66,5,15,21,13,5,0,148,404,28,109,12,4,1,12,1,9,17,1,17,97,11,10,5,0,7,1,42,2,21,10,7,7,2,103,7,47,19,3,5,8,2,5,10,26,8,14,17,18,1,17,8,12,11,10,9,8,21,3,63,7,469,15,10,10,61,1,10,471,406
16,4,7,15,5,5,20,4,66,5,15,22,13,5,0,149,406,28,109,12,4,1,13,1,9,17,1,17,97,11,10,5,0,7,1,42,2,21,10,7,7,2,103,7,47,19,3,5,8,2,5,10,26,8,14,17,18,1,18,9,12,11,10,9,8,21,3,63,7,468,15,10,10,61,1,10,472,407
16,4,7,15,5,6,20,4,66,5,15,23,13,5,0,149,408,28,109,12,4,1,13,1,9,17,1,17,99,11,10,5,0,7,1,42,2,21,10,7,7,2,105,7,47,19,3,5,8,2,5,10,26,8,14,17,18,1,18,9,12,11,10,9,8,21,3,66,7,465,15,10,10,61,1,10,474,405
16,4,7,15,6,6,20,4,67,5,15,24,13,5,0,151,410,28,112,12,4,1,13,1,9,18,1,17,98,11,10,5,0,7,1,43,2,21,10,7,7,2,107,7,48,19,3,5,8,2,5,10,27,8,14,17,18,2,18,8,12,11,10,9,8,21,3,68,7,467,15,11,10,62,1,10,477,407
17,4,7,15,6,6,20,4,68,5,15,24,13,6,0,151,413,28,112,12,4,1,13,1,9,18,1,17,100,12,10,5,0,7,1,44,2,21,10,7,8,2,111,7,48,19,3,5,8,2,5,10,28,8,15,17,18,2,18,8,12,11,10,9,8,22,3,71,7,468,15,11,10,62,1,10,478,409
17,4,7,15,6,8,20,4,68,5,15,24,13,6,0,153,413,28,112,12,4,1,14,1,9,18,1,18,103,12,10,5,0,7,1,44,3,21,11,7,8,2,112,7,48,19,3,5,8,2,5,10,28,9,15,17,18,3,18,8,12,11,10,9,8,23,3,72,7,470,15,11,10,63,1,10,479,409
17,4,7,15,6,7,20,4,69,5,15,24,13,6,0,154,414,29,112,12,4,1,13,1,9,18,1,18,103,13,10,5,0,7,1,44,2,21,12,7,8,2,113,7,48,19,3,5,8,2,5,11,28,9,16,18,18,3,19,8,12,11,10,9,8,23,3,73,7,470,15,11,10,64,1,10,479,409
17,4,7,15,6,7,20,4,69,5,15,24,13,6,0,154,416,29,112,13,4,1,13,1,9,18,1,18,103,13,10,5,0,7,1,44,2,21,12,7,8,2,112,7,48,19,3,5,8,2,5,11,28,10,16,18,19,3,19,8,12,11,10,9,8,23,3,73,7,473,15,11,10,65,1,10,481,411
17,4,7,15,6,8,20,4,69,5,15,24,13,6,0,154,417,29,112,13,4,1,15,1,9,18,1,18,103,14,10,5,0,7,1,44,2,22,12,7,8,2,116,7,49,19,3,5,8,2,5,11,28,10,16,18,19,3,19,8,12,11,10,9,8,23,4,74,7,474,15,11,10,65,1,10,481,411
17,4,7,16,6,8,20,4,69,5,15,24,13,6,0,156,420,29,112,13,4,1,15,1,9,18,1,18,103,15,10,5,0,7,1,44,2,22,12,7,8,2,117,7,49,19,3,5,8,2,5,11,28,10,17,19,19,3,19,8,12,11,10,9,8,23,4,74,7,474,15,11,10,65,1,10,483,411
17,4,7,16,6,8,20,4,71,5,16,24,13,6,0,157,424,29,112,13,4,1,15,1,9,18,1,18,103,15,10,5,0,8,1,45,2,22,12,7,8,2,118,7,49,19,3,6,9,2,5,11,28,10,17,19,19,3,19,8,12,11,10,9,8,23,4,74,7,474,15,11,10,65,1,10,486,413
17,4,7,16,6,8,20,4,71,5,17,24,13,6,0,158,426,29,114,13,4,1,15,1,9,18,1,18,104,15,10,5,0,8,1,45,2,22,12,7,8,2,119,7,49,19,3,6,9,2,6,11,29,10,17,19,19,3,19,8,12,11,10,9,8,23,5,74,7,475,15,11,10,65,1,10,487,414
17,4,7,16,6,8,20,4,72,5,17,24,13,6,0,158,427,29,114,13,4,1,15,1,9,18,1,18,104,15,10,5,0,8,1,45,2,22,12,7,9,2,119,7,50,19,3,6,9,2,6,11,29,10,17,20,19,3,19,8,12,11,10,9,8,23,5,75,7,478,15,11,10,65,1,10,485,415
17,4,7,17,7,8,20,4,72,5,17,25,13,6,0,160,429,29,115,14,4,1,15,1,9,18,1,18,104,15,10,5,0,8,1,45,2,22,12,7,9,2,119,7,52,19,3,7,9,2,6,11,30,10,17,20,19,3,19,8,12,11,10,9,8,23,5,75,7,484,15,11,10,65,1,10,486,413
17,5,7,17,7,8,20,4,72,5,17,26,13,6,0,163,429,29,116,13,4,1,15,1,9,18,1,18,104,15,10,5,0,8,1,45,2,22,12,8,9,2,119,7,52,19,3,8,9,2,6,11,30,10,17,20,19,4,19,8,12,11,10,9,8,25,5,75,7,485,15,11,10,65,1,10,486,413
18,5,7,17,7,8,20,4,72,5,17,26,13,6,0,164,430,29,116,14,4,1,15,1,9,18,1,19,105,15,10,5,0,8,1,45,2,22,12,8,9,2,120,7,52,19,3,8,9,2,6,11,30,11,18,21,20,5,19,8,12,11,10,9,8,25,5,75,7,484,15,11,10,65,1,10,486,414
18,5,7,17,7,8,20,4,72,5,18,26,13,6,0,165,432,29,116,15,4,1,15,1,9,18,1,19,105,15,10,5,0,8,1,45,2,22,12,8,9,2,121,7,52,20,3,8,10,2,6,11,30,11,18,21,20,5,19,8,12,11,10,9,8,25,5,76,7,487,15,11,10,65,1,10,487,415
18,5,7,17,7,8,20,4,72,5,18,27,13,6,0,165,432,29,116,15,5,1,15,1,9,18,1,19,105,15,10,5,0,8,1,45,2,22,13,8,9,2,122,7,52,20,3,8,11,2,6,11,30,11,18,21,20,5,19,8,13,11,10,9,8,25,5,77,7,487,16,11,10,65,1,10,487,417
18,5,7,17,7,8,20,4,72,5,18,27,13,7,0,166,436,29,117,15,5,1,15,1,9,18,1,19,106,16,10,5,0,8,1,45,2,22,13,8,9,2,123,7,53,20,3,8,12,2,6,11,31,11,18,21,20,5,19,8,13,11,10,9,8,25,7,76,7,486,16,11,10,65,1,10,491,418
18,5,7,17,7,8,20,4,72,5,18,27,13,7,0,166,436,29,117,15,5,1,15,1,9,18,1,19,106,16,10,5,0,8,1,45,2,22,13,8,9,2,126,7,53,20,4,8,12,2,6,11,31,11,18,21,20,5,19,8,13,11,10,9,8,25,7,77,7,489,16,11,10,65,1,10,492,417
18,6,7,16,7,8,20,4,72,5,18,27,14,7,0,167,437,29,117,15,5,1,15,1,9,19,1,19,106,16,10,5,0,8,1,45,2,22,13,8,9,2,126,7,54,20,4,8,12,2,6,11,31,11,18,21,20,5,20,8,13,11,10,9,8,25,7,77,7,489,16,11,10,65,1,11,493,417
18,6,7,16,7,8,20,4,72,5,18,27,14,7,0,167,438,29,117,15,5,1,15,1,9,19,1,19,106,16,10,5,0,8,1,45,2,22,13,8,9,2,126,7,54,20,5,8,12,2,6,11,31,11,18,21,20,5,20,8,13,11,10,9,8,26,7,77,7,482,16,11,10,65,1,11,495,421
18,6,7,16,7,8,20,4,72,5,18,27,14,7,0,168,438,30,117,15,5,1,15,1,9,19,1,19,108,16,10,5,0,8,1,45,2,22,13,8,9,2,127,7,54,20,5,8,12,2,6,11,31,11,18,21,20,5,20,8,13,11,10,9,8,26,7,77,7,484,16,11,10,65,1,11,497,422
18,6,7,16,7,8,20,4,72,6,18,27,15,7,0,169,438,30,120,15,5,1,15,1,9,19,1,19,108,16,10,5,0,8,1,45,2,22,13,8,10,2,127,7,55,20,5,8,12,2,6,11,31,11,18,21,21,5,20,8,13,11,10,9,8,26,8,78,7,486,16,11,10,66,1,11,495,423
18,6,7,16,7,8,21,4,72,6,19,27,15,7,0,170,440,30,120,15,5,1,15,1,9,19,1,19,108,16,10,5,0,8,1,45,2,22,14,8,10,2,127,7,55,20,5,8,12,2,6,11,31,11,18,21,21,5,20,9,13,11,10,9,8,27,8,78,7,490,17,11,10,66,1,11,496,421
18,6,7,16,7,8,21,4,72,6,18,27,15,7,0,170,440,30,121,15,5,1,15,1,9,19,1,20,108,16,10,5,0,8,1,45,2,22,14,8,10,2,127,7,55,20,5,8,12,2,6,11,31,11,18,23,22,5,20,9,13,11,10,9,8,27,8,78,7,492,17,11,10,66,1,11,498,420
18,6,7,17,7,8,21,4,73,6,18,27,15,7,0,171,440,30,122,15,5,1,15,1,9,19,1,20,108,16,10,5,0,8,1,46,2,22,14,8,10,2,127,7,55,20,5,8,12,2,6,11,31,11,18,23,22,5,20,9,13,11,10,9,8,28,8,79,7,493,17,11,10,66,1,11,498,421
18,6,7,17,7,9,21,4,73,6,19,29,15,7,0,171,446,30,122,15,5,1,15,1,10,19,1,20,110,16,10,5,0,8,1,47,2,23,15,8,10,2,127,7,55,20,5,8,12,2,6,11,31,11,18,23,22,5,20,9,13,11,10,9,8,28,10,79,7,498,17,11,10,66,1,11,499,421
18,6,7,17,7,9,21,4,73,6,19,29,15,7,0,171,446,30,122,15,5,1,15,1,10,19,1,20,110,16,10,5,0,8,1,47,3,23,15,8,10,2,128,7,55,20,5,8,12,2,6,11,31,11,19,23,22,5,20,10,13,11,10,9,8,28,11,79,7,500,17,11,10,66,1,11,498,421
18,6,7,17,7,9,21,4,73,6,19,29,15,7,0,171,448,30,123,15,5,1,16,1,10,19,1,20,110,18,10,5,0,8,1,47,3,23,15,8,10,2,128,7,55,20,5,8,13,2,6,11,31,11,19,24,23,5,20,10,13,11,10,9,8,28,11,79,7,501,17,11,10,66,1,11,501,421
18,6,7,17,7,9,21,4,73,6,19,29,15,7,0,172,448,30,124,15,5,1,16,1,10,19,1,21,114,18,10,5,0,8,1,47,3,23,15,8,10,2,129,7,56,20,5,8,13,2,6,11,31,11,19,24,23,5,20,11,13,11,10,9,8,28,11,79,7,502,17,11,10,66,1,11,506,422
18,6,7,17,7,9,21,4,73,6,19,29,15,7,1,172,451,30,124,16,5,1,16,1,10,19,1,22,113,18,10,5,0,8,1,48,3,23,15,8,10,2,130,7,56,20,5,8,13,2,6,11,31,11,19,24,24,5,20,11,13,11,10,9,8,29,11,80,7,503,17,11,10,66,1,11,506,425
18,6,7,17,7,9,21,4,73,6,19,29,15,7,1,172,452,30,125,16,5,1,16,1,10,19,1,22,114,18,10,5,0,8,1,48,3,23,15,8,10,2,130,7,56,20,5,8,13,2,6,11,31,11,19,24,24,5,20,11,13,11,10,9,8,30,12,80,7,504,17,11,10,66,1,11,508,424
18,6,7,17,7,9,21,4,73,7,19,29,15,7,1,172,452,30,125,16,5,1,16,1,10,19,2,22,114,18,10,5,0,8,1,48,3,23,15,8,10,2,131,7,57,20,5,8,13,2,6,11,31,11,19,24,24,5,20,11,13,11,10,9,8,31,12,80,7,504,17,11,10,67,1,11,509,424
19,6,7,17,7,9,21,4,73,7,19,29,16,7,1,174,455,30,125,16,5,1,16,1,10,19,2,23,114,18,10,5,0,9,1,49,3,23,15,8,10,2,131,7,57,20,5,8,14,2,6,11,31,11,19,24,24,5,20,10,13,11,10,9,8,31,12,81,7,504,17,11,10,67,1,11,513,424
19,6,7,18,7,9,20,4,74,7,19,29,16,7,1,174,457,30,125,16,5,1,16,1,10,19,2,23,114,18,10,5,0,9,1,49,3,23,15,8,10,2,132,8,58,20,5,8,14,2,6,11,31,11,19,24,24,5,20,10,13,11,10,9,8,32,12,81,7,507,17,11,10,67,1,11,513,423
19,6,7,18,7,9,20,4,74,7,19,29,16,7,1,174,457,30,125,16,5,1,16,1,10,19,2,24,115,18,10,5,0,9,1,50,3,23,15,8,10,2,132,8,58,20,5,8,14,2,6,11,31,11,19,24,25,5,20,10,13,11,10,10,8,32,13,81,7,508,17,11,10,68,1,11,515,423
19,6,7,18,7,10,20,5,74,7,19,30,16,7,1,174,458,30,125,16,5,1,16,1,10,19,2,25,116,18,10,5,0,9,1,52,3,23,15,8,10,2,132,8,58,20,5,8,14,2,6,11,31,11,19,24,25,5,20,10,13,11,10,10,8,32,13,82,7,508,17,11,10,68,1,11,515,423
19,6,7,18,7,11,21,5,74,7,19,30,16,7,1,174,458,30,125,17,5,1,16,1,10,19,2,25,116,19,10,5,0,9,1,52,3,23,15,8,10,2,132,8,58,20,5,8,15,2,6,11,31,11,19,24,25,5,20,10,13,11,10,10,8,32,13,82,7,510,17,11,10,68,1,11,515,423
19,6,7,18,7,11,22,5,75,7,19,30,16,7,1,177,459,31,125,17,5,1,16,1,10,20,2,25,117,19,10,5,0,9,2,52,3,23,15,8,10,2,132,8,58,20,5,8,16,2,6,11,31,11,19,24,26,5,20,10,13,11,10,10,8,32,13,82,7,512,17,11,10,68,1,11,515,423
19,6,7,18,7,11,23,5,75,7,19,30,16,7,1,178,460,31,126,17,6,1,16,1,10,20,2,25,118,19,10,5,0,9,2,53,3,23,15,8,10,3,132,8,58,20,5,8,16,2,6,11,32,11,19,24,26,5,20,10,13,12,10,10,8,32,13,82,7,514,17,11,10,68,1,11,514,423
19,6,7,18,7,11,23,5,76,7,19,30,16,7,1,178,464,31,127,17,6,1,16,1,10,20,2,25,119,19,10,5,0,10,2,53,3,23,15,8,10,3,133,8,58,20,5,8,16,2,6,11,32,11,19,24,26,5,20,10,13,12,10,10,8,33,13,83,7,515,17,11,10,68,1,11,514,424
19,6,7,18,7,11,23,5,76,7,19,30,16,7,1,178,465,30,127,17,6,1,16,1,10,20,2,25,120,19,10,5,0,10,2,53,3,23,15,8,10,3,133,8,58,20,5,8,16,2,6,11,32,11,19,24,27,5,20,10,13,12,11,10,8,33,14,82,7,508,17,11,10,68,1,11,514,431
19,6,7,18,7,11,23,5,76,7,19,30,16,7,1,178,465,30,127,17,6,1,16,1,10,20,2,25,120,19,10,5,0,11,2,53,3,23,15,8,10,3,133,8,59,20,5,8,16,2,6,11,32,11,19,24,27,5,20,10,13,12,11,10,8,33,15,82,7,510,17,11,10,68,1,11,515,430
19,6,7,18,7,11,23,5,76,8,19,30,16,7,1,178,466,30,127,17,6,1,17,1,11,20,2,25,120,19,10,5,0,11,2,53,3,23,15,8,10,3,133,8,61,20,5,8,16,2,6,11,32,11,19,24,27,5,20,10,13,12,11,10,8,33,15,82,7,515,17,12,10,68,1,11,515,428
19,6,7,18,7,11,23,5,76,8,19,30,16,7,1,179,468,31,127,18,6,1,17,1,11,20,2,25,120,20,10,5,0,11,2,53,3,23,15,8,11,3,133,8,62,20,5,9,17,2,6,11,32,11,19,24,27,5,20,10,13,12,11,11,8,34,15,83,7,520,17,13,10,68,1,11,518,428
19,6,7,18,7,11,23,5,77,8,19,30,16,7,1,179,468,31,129,19,6,1,17,1,11,20,2,26,120,20,10,5,0,11,2,54,3,23,15,8,11,3,133,8,62,20,5,9,17,2,6,11,32,11,19,24,27,5,20,10,13,12,11,11,8,34,15,83,7,521,17,13,10,68,1,11,520,429
19,6,7,18,7,11,23,5,77,8,19,30,16,7,1,179,469,31,129,19,6,1,17,1,11,20,2,26,120,20,10,5,0,11,2,54,3,23,15,8,11,4,133,8,62,20,5,9,17,2,6,11,32,11,19,24,27,5,20,10,13,12,11,11,8,34,15,83,7,522,17,13,10,69,1,11,521,429
19,6,7,18,7,11,23,5,77,8,19,30,16,7,1,179,472,31,129,19,6,1,17,1,11,20,2,26,122,20,10,5,0,11,2,54,3,23,15,8,11,4,133,8,62,20,5,9,17,2,6,11,32,11,19,24,27,5,20,10,13,12,11,11,8,34,15,83,7,523,17,13,10,71,1,11,520,431
19,6,7,18,7,11,23,5,77,8,19,30,16,7,1,179,474,32,129,19,6,1,17,1,11,20,2,26,122,20,10,5,0,11,2,54,3,23,15,8,10,4,133,8,62,21,5,9,17,2,6,11,32,11,19,24,27,5,20,10,13,12,11,11,8,34,15,83,7,523,17,13,10,71,1,11,520,432
19,6,7,18,7,11,23,5,77,8,19,30,16,7,1,179,475,32,129,20,6,1,17,1,11,20,2,26,122,20,10,5,0,11,2,54,3,23,15,8,10,4,134,8,62,21,5,9,17,2,6,11,32,11,19,24,27,5,20,10,13,12,11,11,8,34,15,83,7,523,17,13,10,71,2,11,521,433
19,6,7,18,7,11,22,5,77,8,19,31,16,7,1,179,475,32,131,20,6,1,18,1,11,20,2,26,123,20,10,5,0,11,2,54,3,23,15,9,10,4,134,8,62,21,5,9,17,2,6,11,32,11,19,24,27,5,20,10,13,12,11,11,8,34,15,83,7,525,17,13,10,72,2,11,527,435
19,6,7,18,7,11,22,5,77,8,19,31,16,8,1,179,475,32,131,20,6,1,18,1,11,20,2,26,123,20,10,5,0,11,2,55,3,23,15,9,10,4,134,8,62,21,5,9,17,2,6,11,32,11,19,24,27,5,20,10,13,12,11,11,8,34,15,84,7,525,17,13,11,72,2,11,532,436
19,6,7,19,7,11,22,5,77,8,19,32,16,8,1,179,475,32,131,20,6,1,18,1,14,20,2,26,124,20,10,5,0,11,2,55,3,23,15,9,10,4,134,8,62,21,5,9,17,2,6,11,32,11,19,24,27,5,20,10,13,12,11,11,8,34,15,84,7,526,17,13,11,72,2,11,534,440
19,6,7,20,7,12,22,5,77,8,19,32,16,8,1,181,476,33,131,20,6,1,18,1,14,20,2,26,124,21,10,5,0,11,2,55,3,23,15,9,10,4,135,8,62,21,5,9,17,2,6,11,32,11,19,24,27,5,20,10,13,12,11,11,8,34,15,84,7,527,17,13,11,72,2,11,534,438
19,6,8,20,7,12,22,5,77,8,19,32,16,8,2,182,477,33,132,20,6,1,18,1,14,20,2,26,125,21,10,5,0,11,2,56,3,23,15,9,10,4,135,8,63,21,5,9,17,2,6,11,32,11,19,24,27,5,20,10,14,12,12,11,8,34,16,84,7,529,17,13,11,72,2,11,535,437
20,6,8,20,7,12,22,5,77,8,19,32,16,8,1,182,478,33,132,20,6,1,18,1,14,20,2,26,126,21,10,5,0,11,2,56,3,23,15,9,10,4,135,8,63,21,5,9,17,2,6,11,32,12,19,24,27,5,20,10,14,12,13,11,8,34,16,84,7,531,17,13,11,72,2,11,535,438
20,6,8,20,7,12,22,5,77,8,19,32,16,8,1,183,478,33,132,20,6,1,18,1,14,20,2,26,126,21,10,5,0,11,2,56,3,23,15,9,10,4,135,8,63,21,5,9,17,2,6,11,32,12,19,24,27,5,20,10,14,12,13,11,8,34,16,84,7,532,17,13,11,72,2,11,537,438
20,6,8,20,7,12,22,5,77,8,19,32,16,8,1,183,479,33,133,21,6,1,18,1,14,21,2,26,125,21,11,5,0,11,2,56,3,23,15,10,10,4,135,8,63,21,5,9,17,2,6,11,32,12,19,24,27,5,20,10,14,12,13,11,8,34,16,84,7,534,17,13,11,72,2,11,541,440
20,6,8,20,7,12,22,5,77,8,19,32,16,8,1,185,480,33,133,21,6,1,18,1,14,21,2,27,127,21,11,5,0,11,2,56,3,23,15,10,10,4,136,8,63,21,5,10,17,2,6,11,32,12,19,24,28,5,20,10,14,12,13,11,8,34,16,84,7,537,17,14,11,72,2,11,542,442
20,6,8,20,7,12,22,5,77,8,19,33,16,8,1,185,480,34,133,21,6,1,18,1,14,21,2,27,127,21,11,5,0,11,2,56,3,24,15,10,10,4,136,8,63,22,5,10,17,2,6,11,33,12,19,25,28,5,20,10,14,12,13,11,8,34,16,84,7,538,17,14,11,72,2,11,544,443
20,6,8,20,7,12,22,5,78,9,19,33,16,8,1,187,484,34,134,21,6,1,19,1,14,21,2,27,128,22,11,5,0,11,2,56,3,24,15,11,10,4,136,8,63,22,5,10,17,2,7,11,33,12,19,25,28,5,20,10,14,12,13,11,8,34,16,84,7,540,17,14,11,72,2,11,542,445
20,6,8,20,7,12,22,5,79,9,19,33,16,8,1,187,484,34,135,21,6,1,19,1,14,21,2,27,128,22,11,5,0,11,3,56,3,24,15,11,10,4,136,8,63,22,5,10,17,2,7,11,33,12,19,25,28,5,20,10,14,12,13,11,8,34,16,84,7,541,17,14,11,72,2,11,544,447
20,6,8,20,7,12,22,5,79,9,19,33,16,8,1,187,485,34,135,21,6,1,20,1,14,21,2,27,129,22,11,5,0,11,3,56,3,24,15,11,10,4,136,8,63,22,5,10,17,2,7,11,33,12,19,25,28,5,20,10,14,12,13,12,8,34,16,84,7,541,17,14,11,72,2,11,545,449
20,6,8,20,7,12,22,5,79,9,19,33,16,8,1,187,486,34,136,21,6,1,20,1,14,21,2,27,129,22,11,5,0,11,3,56,3,24,15,11,11,4,137,8,63,22,5,10,17,2,7,11,33,12,19,25,29,5,20,10,14,12,13,12,8,34,16,84,7,541,17,14,11,72,2,11,547,451
20,6,8,20,7,12,22,5,79,9,19,33,16,8,1,187,487,34,136,21,6,1,20,1,14,21,2,27,129,22,11,5,0,11,3,56,3,24,15,11,11,4,137,8,63,22,5,10,17,2,7,11,33,12,19,25,29,5,20,10,14,12,13,12,8,34,16,84,7,540,17,14,11,72,2,11,548,452
20,6,8,20,7,12,22,5,79,9,19,33,16,8,1,188,487,34,138,21,6,1,20,1,16,21,2,27,129,22,11,5,0,11,3,57,3,24,15,11,11,4,137,8,63,22,5,10,17,2,7,11,33,12,19,25,29,5,20,10,14,12,13,12,8,34,16,84,7,541,17,14,11,73,2,11,548,453
20,6,8,20,7,12,22,5,79,9,19,33,16,8,1,188,488,34,138,21,6,1,20,1,16,22,2,27,129,22,12,5,0,11,3,56,3,24,15,11,11,4,137,8,63,23,5,10,17,2,7,11,33,12,19,25,29,5,20,10,14,12,13,13,8,34,16,84,7,541,17,14,12,73,2,11,550,453
20,6,8,21,7,12,22,5,80,9,19,34,16,8,1,191,490,36,138,21,6,1,20,1,16,22,2,27,129,23,12,5,0,11,3,56,3,24,15,11,11,4,137,8,63,23,5,10,17,2,7,11,33,12,19,25,29,5,20,10,14,12,13,13,8,34,16,84,7,543,17,14,12,74,2,11,547,455
20,7,8,21,7,12,23,5,80,9,19,35,16,8,1,191,490,36,138,21,6,1,20,1,16,22,2,27,130,23,12,5,0,11,3,56,3,24,15,11,11,4,138,8,64,23,5,10,17,2,7,11,33,12,19,25,29,5,20,10,14,12,13,13,8,34,16,84,7,546,17,14,12,74,3,11,549,458
20,7,8,21,7,12,23,5,80,9,19,35,16,8,1,191,491,36,138,21,6,1,20,1,17,23,2,27,131,23,12,5,0,11,3,56,3,24,15,11,11,4,138,8,64,23,5,10,17,2,7,11,33,12,19,25,29,5,20,10,14,12,13,13,8,34,16,84,7,548,17,14,12,74,3,11,549,461
20,7,8,21,7,12,23,5,80,9,19,35,16,8,1,191,492,36,139,21,6,1,20,1,17,23,2,27,131,23,12,5,0,11,3,56,3,24,15,11,11,4,138,8,64,23,5,10,17,2,7,11,33,12,19,25,29,5,20,10,14,12,13,13,8,34,16,84,7,548,17,14,12,74,3,11,552,461
20,7,8,21,7,12,23,5,80,9,20,35,16,8,1,191,494,36,140,21,6,1,20,1,18,23,2,27,131,23,12,5,0,11,3,56,3,24,15,11,11,4,138,8,64,23,5,10,18,2,7,11,33,12,19,25,29,5,20,10,14,12,13,13,8,34,16,84,7,549,17,14,12,75,3,11,554,463
20,8,8,21,7,12,23,5,80,9,20,34,16,8,1,191,496,36,140,21,6,1,20,1,19,23,2,27,131,23,13,5,0,11,3,56,3,24,15,11,11,4,139,8,64,23,5,11,18,2,7,11,33,12,19,25,29,5,20,10,14,12,13,13,8,34,16,84,7,551,17,14,12,77,3,12,555,464
20,8,8,21,7,12,23,5,80,9,21,37,16,8,1,191,499,36,140,21,6,1,20,1,19,23,2,27,131,23,12,5,0,12,3,56,3,24,15,11,11,4,139,8,64,23,5,11,18,2,7,11,33,12,19,25,30,5,20,10,14,12,13,13,8,34,16,85,7,552,17,14,12,77,3,12,559,467
20,8,8,21,7,12,23,5,80,9,21,37,16,8,1,192,501,36,140,21,6,1,20,1,19,23,2,27,132,23,12,5,0,12,3,56,3,24,15,11,11,4,140,8,64,23,5,11,18,2,7,11,33,12,19,25,30,5,20,11,14,12,13,13,8,34,16,85,7,554,17,14,12,77,3,12,559,471
20,8,8,21,7,12,23,5,80,9,21,37,16,8,1,192,502,36,140,21,7,1,20,1,19,23,2,27,133,23,13,5,0,12,3,56,3,24,15,11,11,4,140,8,64,23,5,11,18,2,7,11,33,12,19,25,30,5,20,11,14,12,13,13,8,34,16,85,8,558,17,14,12,78,3,12,559,472
20,8,8,21,7,12,23,5,80,9,21,37,16,8,1,193,503,36,140,21,7,1,20,1,19,23,2,27,133,23,13,5,0,12,3,56,3,24,15,11,12,4,140,8,64,23,5,11,18,2,7,11,33,12,19,25,30,5,20,11,14,12,13,13,8,34,16,85,7,558,17,14,12,79,3,12,561,474
20,8,8,21,7,12,23,5,80,9,21,37,16,8,1,193,506,36,141,21,7,1,20,1,19,23,2,27,133,23,13,5,0,12,3,56,3,24,15,11,12,4,141,8,64,23,5,11,18,2,7,11,33,12,19,25,30,5,20,11,14,12,13,13,8,34,16,86,7,561,17,14,12,79,3,12,563,474
20,8,8,21,7,12,23,5,80,9,21,37,16,8,1,194,508,36,141,22,7,1,20,1,19,23,2,27,134,23,13,5,0,12,3,56,3,24,15,11,13,4,141,8,64,23,5,11,18,2,7,11,33,12,19,25,32,5,20,11,14,12,13,14,8,34,16,86,7,564,17,14,12,79,3,12,564,477
20,8,8,21,7,12,23,5,80,9,21,37,16,8,1,195,508,36,141,22,7,1,21,1,19,23,2,27,135,23,13,5,1,12,3,56,3,24,15,11,14,4,143,8,64,23,5,11,18,2,7,11,34,12,19,25,32,5,20,11,14,12,13,14,8,34,16,86,7,564,17,14,12,79,3,12,565,480
20,8,8,21,7,12,24,5,82,9,21,37,16,8,1,197,508,36,143,22,7,1,21,1,19,24,2,27,135,24,13,5,1,12,4,56,3,24,15,11,14,4,143,8,64,23,5,11,18,2,7,11,34,12,19,26,32,5,20,11,14,12,13,14,8,34,17,86,7,567,17,14,12,79,3,12,566,486
20,8,8,21,7,12,24,5,82,9,22,37,16,8,1,197,511,36,143,22,7,1,21,1,19,24,2,27,135,24,13,5,2,12,4,56,3,24,15,11,14,4,142,8,64,23,5,11,18,2,7,11,34,13,19,26,32,5,20,11,14,12,13,14,8,34,17,86,7,573,17,14,12,80,3,12,570,492
20,8,8,21,7,12,24,5,82,9,22,40,16,8,1,198,517,36,145,22,7,1,21,1,20,24,2,27,136,24,13,5,2,12,4,56,3,24,15,11,14,4,142,8,64,23,5,11,18,2,7,11,34,13,19,26,34,5,20,11,14,12,13,14,8,34,17,86,7,572,17,14,12,81,3,12,573,493
20,8,8,21,7,12,24,5,83,9,22,41,16,8,1,198,518,36,145,22,7,1,21,1,20,24,2,27,137,24,13,5,2,12,4,56,3,24,15,11,14,4,142,8,64,23,5,11,18,2,7,11,34,13,19,26,34,5,20,11,14,12,13,14,8,34,17,86,7,576,17,14,12,81,3,12,575,496
20,8,8,21,7,12,24,5,83,9,22,41,16,8,1,199,518,36,146,22,7,1,21,1,20,24,2,27,138,24,13,5,2,13,4,56,3,24,15,11,14,4,142,9,64,23,6,11,18,2,7,11,34,13,19,26,34,5,20,11,14,12,14,14,8,36,18,86,7,577,17,14,12,81,3,12,577,497
20,8,8,21,7,12,24,5,83,9,22,41,16,8,1,200,519,36,147,22,7,1,21,1,20,24,2,27,138,24,13,5,2,13,4,56,3,24,15,11,14,4,142,9,64,23,6,11,18,2,7,11,34,13,19,26,34,5,20,11,14,12,15,14,8,36,18,86,7,583,17,14,12,82,3,12,583,500
20,8,8,21,7,13,25,5,84,9,22,41,16,8,1,203,522,36,147,22,7,1,21,1,20,24,2,27,138,24,13,5,2,14,4,57,3,25,15,11,14,4,142,9,64,23,6,11,18,2,7,11,34,13,19,26,34,5,20,11,14,12,15,14,8,36,18,86,7,587,17,14,12,82,3,12,588,502
20,8,8,21,7,13,25,5,84,9,23,42,16,8,1,202,523,36,147,22,7,1,21,1,20,24,2,27,139,24,13,6,2,14,4,57,3,25,15,11,14,4,142,9,64,23,6,11,18,2,7,11,34,13,19,26,34,5,20,12,14,13,16,14,8,36,18,86,7,588,17,14,12,83,3,12,590,503
21,8,8,21,7,13,25,5,85,9,23,43,16,8,1,202,525,36,149,22,7,1,21,1,20,24,2,27,140,24,13,6,2,14,4,57,3,25,16,11,14,4,143,9,65,24,6,11,18,2,7,11,34,13,19,26,34,5,20,12,14,13,17,14,8,36,18,88,7,592,17,14,12,83,3,12,590,505
21,9,8,21,7,13,25,5,85,9,23,43,16,8,1,203,525,36,149,22,8,1,22,1,20,25,2,27,140,25,13,6,2,14,4,57,3,25,16,11,14,4,143,9,65,24,6,12,18,2,7,11,34,13,19,26,34,5,20,12,14,13,17,14,8,37,18,88,7,593,17,14,13,83,3,12,593,507
21,9,8,21,7,13,25,5,85,9,23,43,16,8,1,203,525,36,149,22,8,1,22,1,20,25,2,27,140,25,13,6,2,14,4,57,3,25,16,11,14,4,143,9,65,24,6,12,18,2,7,11,34,13,19,26,34,5,20,12,14,13,17,14,8,37,18,89,7,589,17,14,13,83,3,12,594,510
21,9,8,21,8,13,25,5,85,9,23,43,16,8,1,204,530,37,151,22,8,2,23,1,20,25,3,27,140,25,13,6,2,14,4,57,4,25,16,11,14,4,144,9,66,25,6,13,18,2,7,11,35,13,19,26,34,5,20,12,14,13,18,14,8,37,18,89,9,590,17,15,13,83,3,12,595,512
21,9,8,21,8,13,25,5,85,9,23,43,16,8,1,206,532,37,152,22,8,2,23,1,20,25,3,27,143,25,13,7,3,14,4,57,5,25,17,11,14,4,145,10,66,25,6,13,18,2,7,11,35,13,19,26,34,5,20,12,14,13,17,14,8,37,18,89,9,591,17,15,13,83,3,12,598,515
21,9,8,21,8,13,25,5,85,10,24,43,17,8,1,210,535,37,152,22,8,2,24,1,20,25,3,27,143,25,13,7,3,14,4,57,5,25,17,11,15,4,145,10,66,25,6,13,18,2,8,11,35,14,19,26,34,5,20,12,14,13,17,14,8,37,18,89,9,593,17,15,13,84,3,12,603,515
21,9,8,21,8,13,26,5,85,10,26,43,17,8,1,210,537,38,152,22,9,2,25,2,20,25,3,29,143,27,13,7,3,14,4,57,5,25,17,11,15,4,145,10,66,25,6,13,18,2,8,11,35,14,19,26,34,5,20,12,14,13,17,14,8,37,18,89,9,596,17,15,13,85,3,12,608,522
21,9,8,21,8,13,26,5,85,10,26,43,17,8,1,213,538,38,153,22,9,2,26,2,20,26,3,29,143,27,14,7,3,14,4,57,5,26,17,11,15,4,146,10,66,25,7,13,18,2,8,11,35,14,19,26,34,5,20,12,14,13,17,14,8,37,18,89,9,599,17,15,13,85,3,12,614,525
