,Afonso Cláudio,Águia Branca,Água Doce do Norte,Alegre,Alfredo Chaves,Alto Rio Novo,Anchieta,Apiacá,Aracruz,Atílio Vivacqua,Baixo Guandu,Barra de São Francisco,Boa Esperança,Bom Jesus do Norte,Brejetuba,Cachoeiro de Itapemirim,Cariacica,Castelo,Colatina,Conceição da Barra,Conceição do Castelo,Divino de São Lourenço,Domingos Martins,Dores do Rio Preto,Ecoporanga,Fundão,Governador Lindenberg,Guaçuí,Guarapari,Ibatiba,Ibiraçu,Ibitirama,Iconha,Irupi,Itaguaçu,Itapemirim,Itarana,Iúna,Jaguaré,Jerônimo Monteiro,João Neiva,Laranja da Terra,Linhares,Mantenópolis,Marataízes,Marechal Floriano,Marilândia,Mimoso do Sul,Montanha,Mucurici,Muniz Freire,Muqui,Nova Venécia,Pancas,Pedro Canário,Pinheiros,Piúma,Ponto Belo,Presidente Kennedy,Rio Bananal,Rio Novo do Sul,Santa Leopoldina,Santa Maria de Jetibá,Santa Teresa,São Domingos do Norte,São Gabriel da Palha,São José do Calçado,São Mateus,São Roque do Canaã,Serra,Sooretama,Vargem Alta,Venda Nova do Imigrante,Viana,Vila Pavão,Vila Valério,Vila Velha,Vitória
2020-03-27,0,0,0,0,0,0,0,0,0,0,0,0,0,0,0,0,0,0,0,0,0,0,0,0,0,0,0,0,0,0,0,0,0,0,0,0,0,0,0,0,0,0,0,0,0,0,0,0,0,0,0,0,0,0,0,0,0,0,0,0,0,0,0,0,0,0,0,0,0,0,0,0,0,0,0,0,0,0
2020-03-28,0,0,0,0,0,0,0,0,0,0,0,0,0,0,0,1,1,1,0,0,0,0,0,0,0,0,0,0,0,0,0,0,0,0,0,0,0,0,0,0,0,0,4,0,0,0,0,0,0,0,0,0,0,0,0,0,0,0,0,0,0,0,0,1,0,0,0,0,1,5,0,0,0,0,0,0,21,18
2020-03-29,0,0,0,0,0,0,0,0,0,0,0,0,0,0,0,0,0,0,0,0,0,0,0,0,0,0,0,0,1,0,0,0,0,0,0,1,0,0,0,0,0,0,0,0,0,0,0,0,0,0,0,0,0,0,0,0,0,0,0,0,0,0,0,0,0,0,0,0,0,0,0,0,0,0,0,0,3,2
2020-03-30,0,0,0,0,0,0,0,0,0,0,0,0,0,0,0,0,1,0,0,0,0,0,0,0,0,0,0,0,0,0,0,0,0,0,0,0,0,0,0,0,0,0,0,0,0,0,0,0,0,0,0,0,0,0,0,0,0,0,0,0,0,0,0,0,0,0,0,1,0,4,0,0,0,0,0,0,4,1
2020-03-31,0,0,0,0,0,0,0,0,0,0,0,0,0,0,0,0,1,0,0,0,0,0,0,0,0,0,0,0,0,0,0,0,0,0,0,0,0,0,0,0,0,0,0,0,0,0,0,0,0,0,0,0,0,0,0,0,0,0,0,0,0,0,0,0,0,0,0,0,0,4,0,0,0,0,0,0,3,5
2020-04-01,0,0,0,0,0,1,0,0,0,0,0,0,0,0,0,0,2,0,0,0,0,0,0,0,0,0,0,0,1,0,0,0,0,0,0,0,0,0,0,0,0,0,0,0,0,0,0,0,0,0,0,0,0,0,0,0,0,0,0,0,0,0,0,0,0,0,0,0,0,1,0,0,0,1,0,0,4,2
2020-04-02,1,0,0,0,0,1,0,0,1,0,0,0,0,0,0,0,2,1,0,0,0,0,0,0,0,0,0,0,0,0,0,0,0,0,0,0,0,0,0,0,0,0,2,0,0,0,0,0,0,0,0,0,0,0,0,0,0,0,0,0,0,0,0,0,0,0,0,2,0,8,1,0,0,0,0,0,1,6
2020-04-03,0,0,0,0,0,0,0,0,0,0,0,0,0,0,0,0,4,0,0,0,0,0,0,0,0,1,0,0,1,0,0,0,0,0,0,0,0,0,0,0,0,0,1,0,0,0,0,0,0,0,0,0,0,0,0,0,0,0,0,0,0,0,0,0,0,0,0,0,0,1,1,0,0,0,0,0,8,2
2020-04-04,0,0,0,0,0,0,0,0,1,0,0,0,0,0,0,0,3,0,1,0,0,0,0,0,0,0,0,0,0,0,0,0,0,0,0,0,0,0,0,0,0,0,0,0,0,0,0,0,0,0,0,0,0,0,0,0,0,0,0,0,0,0,0,0,0,0,0,0,0,4,0,0,0,0,0,0,2,3
2020-04-05,0,0,0,0,0,0,0,0,2,0,0,0,0,0,0,0,0,0,0,0,0,0,0,0,0,0,0,0,0,0,0,0,0,0,0,0,0,0,0,0,0,0,1,0,0,0,0,0,0,0,0,0,0,0,0,0,0,0,0,0,0,0,0,0,0,0,0,1,0,1,0,0,0,0,0,0,4,4
2020-04-06,0,0,0,0,0,0,0,0,0,0,0,0,0,0,0,0,2,0,1,0,0,0,0,0,0,0,0,0,0,0,0,0,0,0,0,0,0,0,0,0,0,0,0,0,0,0,0,0,0,0,0,0,0,0,0,0,0,0,0,0,0,0,0,0,0,0,0,0,0,3,0,0,0,0,0,0,3,19
2020-04-07,0,0,0,0,0,0,0,0,0,0,0,0,0,0,0,0,1,0,0,0,0,0,0,0,0,0,0,0,0,0,1,0,0,0,0,0,0,0,0,0,0,0,0,0,0,0,0,0,0,0,0,0,0,0,0,0,0,0,0,0,0,0,0,0,0,0,0,0,0,2,0,0,0,0,0,0,9,2
2020-04-08,0,0,0,0,0,0,0,0,1,0,0,0,1,0,0,0,0,0,1,0,0,0,0,0,0,0,0,0,0,0,0,0,0,0,0,0,0,0,0,0,0,0,0,0,0,0,0,0,0,0,0,0,1,0,0,0,0,0,0,0,0,0,0,0,0,0,0,0,0,8,0,0,0,0,0,0,5,1
2020-04-09,0,0,0,0,0,0,0,0,0,0,0,0,0,0,0,2,3,0,0,0,0,0,0,0,0,0,0,0,0,0,0,0,0,0,0,0,0,0,0,0,0,0,0,0,0,0,0,0,0,0,0,0,0,0,0,0,0,0,0,0,0,0,0,0,0,0,0,0,0,12,0,0,1,1,0,0,15,12
2020-04-10,0,0,0,0,0,0,0,0,0,0,0,0,0,0,0,0,2,0,2,0,0,0,0,0,0,0,0,0,0,0,1,0,0,0,0,0,0,0,0,0,0,0,1,0,0,0,0,0,0,0,0,0,0,0,0,0,0,0,0,0,0,0,0,0,0,0,0,1,0,11,0,0,0,0,0,0,5,4
2020-04-11,0,0,0,0,0,0,0,0,0,0,0,0,0,0,0,0,5,0,0,0,0,0,0,0,0,0,0,0,0,0,0,0,0,0,0,0,0,0,0,0,0,0,0,0,0,0,0,0,0,0,0,0,0,0,0,0,0,0,0,0,0,0,0,1,0,1,0,0,0,12,0,0,0,2,0,0,13,15
2020-04-12,0,0,0,0,0,0,0,0,0,0,0,0,0,0,0,2,3,0,0,0,0,0,0,0,0,1,0,0,0,0,0,0,0,0,0,0,0,0,0,0,0,0,0,0,0,0,0,0,0,0,0,0,1,0,0,0,0,0,0,0,0,0,0,2,0,1,1,0,0,4,0,0,0,0,0,0,14,5
2020-04-13,0,0,0,0,1,0,0,0,2,0,0,0,0,0,0,2,3,0,0,0,0,0,0,0,0,0,0,0,0,0,0,0,0,0,0,0,0,0,0,0,0,0,0,0,0,0,0,0,0,0,0,0,0,0,0,0,0,0,0,0,0,1,0,0,0,0,0,0,0,17,0,0,0,0,0,0,11,10
2020-04-14,0,0,0,0,0,0,0,0,0,0,0,0,0,0,0,1,4,0,1,0,0,0,0,0,0,0,0,0,1,0,0,0,0,0,0,0,0,0,0,0,0,0,0,0,0,0,0,0,0,0,0,0,0,0,0,0,0,0,0,0,0,0,0,0,0,0,0,0,0,12,0,0,0,0,0,0,8,8
2020-04-15,0,0,0,0,1,0,0,0,0,0,0,0,0,0,0,1,10,0,1,0,0,0,0,0,0,0,0,0,0,0,0,0,0,0,0,1,0,0,0,1,0,0,2,0,0,0,0,0,0,0,0,0,0,0,0,0,0,0,0,0,0,0,1,0,0,0,0,0,0,23,0,0,0,0,0,0,37,16
2020-04-16,0,0,0,0,4,0,0,0,1,0,0,0,0,1,1,1,39,0,3,0,0,0,0,0,0,2,0,0,2,0,0,0,0,0,0,0,0,0,0,0,1,0,3,0,0,0,0,0,0,0,0,0,1,0,1,0,0,0,1,0,1,0,1,0,0,0,0,1,0,74,0,0,0,4,0,0,74,65
2020-04-17,1,0,0,0,5,0,5,0,0,0,0,0,0,0,0,0,90,0,0,0,0,0,0,0,0,0,0,0,1,0,0,0,0,0,0,0,0,0,0,0,0,0,3,0,0,0,0,0,0,0,0,0,0,0,0,0,0,0,0,0,1,0,0,0,0,0,0,0,0,39,0,0,1,1,0,0,12,9
2020-04-18,0,0,0,0,1,0,0,0,0,0,0,0,0,0,0,0,14,0,7,0,0,0,1,0,0,0,0,0,2,0,0,0,0,0,0,0,0,0,0,0,1,0,4,0,0,0,0,0,0,0,0,0,0,0,0,0,0,0,0,0,0,0,0,0,0,0,0,6,1,23,0,0,2,1,0,0,31,35
2020-04-19,0,0,0,0,1,0,2,0,0,0,0,0,0,3,0,0,8,0,0,0,0,0,0,0,0,3,0,0,1,0,0,0,0,0,0,0,0,0,0,0,0,0,0,0,0,0,0,0,0,0,0,0,0,0,0,0,0,0,2,0,0,0,0,0,0,0,0,0,0,11,0,0,1,1,0,0,22,13
2020-04-20,0,0,0,0,1,0,0,1,0,0,0,0,0,1,0,0,1,0,0,0,0,0,0,0,0,0,0,0,0,0,0,0,0,0,0,0,0,0,0,0,0,0,2,0,0,0,0,0,0,0,0,0,0,0,0,0,1,0,0,0,0,0,1,0,0,0,0,0,0,9,0,0,0,1,0,0,13,8
2020-04-21,0,0,0,1,0,0,0,2,2,0,0,0,0,0,0,0,6,0,0,0,0,0,1,0,0,0,0,1,2,0,0,0,0,1,0,0,0,0,0,0,0,0,2,0,0,0,0,0,0,0,0,0,0,0,0,0,0,0,0,0,0,0,0,0,0,0,1,0,0,15,0,0,3,2,0,1,20,24
2020-04-22,0,0,0,0,0,0,0,0,0,0,0,0,0,0,0,0,3,1,2,0,0,0,1,0,0,0,0,0,0,0,0,0,0,0,0,0,0,0,0,0,0,0,0,0,0,0,0,0,0,0,0,0,0,0,0,0,1,0,0,0,1,0,0,0,0,0,0,0,0,11,0,0,0,0,0,0,16,2
2020-04-23,0,0,0,0,1,0,0,0,1,0,0,0,0,0,0,0,6,1,0,0,0,0,0,0,0,1,0,2,1,0,0,0,0,0,0,0,0,0,0,0,0,0,8,0,0,0,0,0,0,0,0,0,1,0,0,0,0,0,0,0,0,0,1,0,0,1,0,0,0,13,0,0,0,0,0,0,21,19
2020-04-24,1,0,0,1,1,0,0,0,2,0,0,0,0,3,0,0,20,0,0,0,0,0,0,0,0,5,0,3,3,0,0,0,0,0,0,1,0,0,0,0,0,0,0,0,0,0,0,0,0,0,0,0,0,0,0,0,0,0,0,0,0,0,0,0,0,0,0,0,0,38,0,0,1,1,0,0,31,22
2020-04-25,0,0,0,0,0,0,0,0,0,0,0,0,0,0,0,0,11,0,0,0,0,0,4,0,0,1,0,0,1,0,0,0,0,0,0,0,0,0,0,0,1,0,1,0,0,1,0,0,0,0,0,0,0,0,2,0,1,0,0,0,0,0,0,0,0,0,0,0,0,23,0,0,1,2,0,1,41,24
2020-04-26,0,0,0,0,0,0,0,0,1,0,0,0,0,0,0,0,21,0,0,0,0,0,6,0,0,1,0,0,2,0,0,0,1,0,0,0,0,0,0,0,1,0,2,0,1,0,0,0,0,0,0,0,0,0,0,0,0,0,0,0,0,0,0,2,0,0,1,0,0,29,0,0,0,5,0,0,17,26
2020-04-27,1,0,0,0,0,0,0,0,0,0,0,0,0,0,0,0,14,0,1,0,0,0,0,0,0,1,0,0,2,0,0,0,0,0,0,0,0,0,0,0,0,0,0,0,0,0,0,0,0,0,0,0,0,0,0,0,0,0,2,0,0,1,1,0,0,0,0,0,0,27,0,0,0,2,0,1,26,36
2020-04-28,4,0,0,0,0,0,0,0,5,0,0,0,0,0,0,2,33,1,3,0,0,0,2,0,0,2,0,0,2,0,0,0,0,0,0,1,0,0,0,1,1,0,0,0,10,0,0,0,1,0,0,0,1,0,0,0,4,0,1,0,0,0,0,0,0,0,0,2,0,48,0,0,4,5,0,0,60,34
2020-04-29,2,0,0,0,3,0,1,0,2,0,0,1,0,1,0,1,38,0,2,0,0,0,0,0,0,3,0,0,1,0,0,1,0,0,0,0,0,0,0,0,1,0,3,0,3,0,0,2,0,0,0,0,0,0,0,0,0,0,3,0,0,0,0,4,0,1,0,3,0,13,0,0,1,5,0,0,16,45
2020-04-30,0,0,0,0,0,0,2,0,0,0,0,0,0,0,0,0,43,0,0,0,0,0,3,0,0,2,0,2,14,0,0,0,0,0,0,0,0,0,0,0,2,0,0,0,1,1,0,0,0,0,1,0,0,0,0,4,0,0,0,0,1,3,1,4,0,0,0,3,0,67,1,0,0,17,0,2,122,57
2020-05-01,0,0,0,0,0,0,0,0,3,0,0,1,0,0,0,2,42,0,0,0,0,0,3,0,0,4,0,5,5,0,1,0,1,0,0,0,0,1,0,0,0,0,3,0,7,1,0,0,0,0,0,0,0,0,0,0,1,0,0,1,0,1,3,3,0,0,0,4,0,45,1,0,2,5,0,0,39,33
2020-05-02,1,0,0,1,0,0,0,0,2,0,0,0,0,0,0,3,31,0,2,0,0,0,0,0,1,3,0,0,4,0,0,0,2,1,0,1,0,0,0,0,0,0,4,0,2,4,0,0,0,0,0,0,0,0,0,0,3,0,0,0,0,0,0,0,0,0,0,1,1,32,0,0,0,5,0,0,56,34
2020-05-03,2,0,0,0,1,0,0,0,1,0,3,0,0,0,0,2,25,0,0,0,0,0,0,0,0,0,0,0,0,0,1,0,0,0,0,0,0,0,0,0,0,0,0,0,2,1,0,1,0,0,0,0,0,0,0,0,0,0,0,0,0,0,0,0,0,0,0,0,0,9,0,0,0,10,0,3,33,7
2020-05-04,1,0,0,0,0,0,1,0,5,0,0,1,0,1,0,1,26,0,3,0,0,0,0,0,0,3,0,0,1,0,0,0,0,0,0,0,0,0,0,0,1,0,2,0,2,2,0,0,0,0,0,0,0,0,0,1,0,0,0,0,0,0,1,3,0,0,0,4,0,29,0,0,0,8,0,1,19,24
2020-05-05,0,0,0,0,0,0,1,0,0,0,1,1,0,0,0,0,29,2,2,0,1,0,7,0,0,1,0,2,2,0,0,0,0,0,0,2,0,0,0,0,0,0,0,0,1,0,0,1,0,0,0,0,0,1,0,0,2,0,0,0,0,0,1,2,0,0,3,3,0,24,4,0,3,5,0,1,27,47
2020-05-06,4,0,0,0,2,0,2,0,0,0,0,2,0,1,1,2,18,2,0,1,0,1,4,0,0,2,0,1,5,0,0,0,0,0,0,0,0,0,0,0,1,0,5,0,7,1,0,0,0,0,0,0,0,0,0,0,0,0,1,4,1,5,1,8,0,0,0,0,0,33,0,1,0,2,0,0,23,27
2020-05-07,1,0,0,0,1,0,6,0,2,0,0,2,0,1,0,5,38,0,3,0,2,0,4,0,0,5,0,1,3,0,0,0,0,1,0,1,0,0,0,0,3,1,3,0,6,0,1,2,1,0,0,1,0,1,0,0,1,0,0,0,0,0,3,6,0,0,3,5,0,51,0,1,0,7,0,0,47,55
2020-05-08,2,0,0,0,1,0,3,0,4,0,5,0,0,0,0,4,43,0,6,0,0,0,1,0,0,1,0,0,5,0,1,0,0,0,0,2,0,1,0,0,0,0,0,0,5,1,0,7,0,0,2,0,0,2,0,0,0,0,0,0,0,0,6,6,0,0,1,10,0,41,0,0,2,1,0,1,42,34
2020-05-09,1,0,0,0,1,0,0,0,0,0,0,0,0,0,0,2,27,1,3,0,0,0,1,0,0,3,0,0,4,0,0,0,0,0,0,0,0,0,0,0,0,0,1,0,8,1,0,0,0,0,0,0,1,2,0,0,6,0,4,0,0,0,1,0,0,0,0,2,0,36,0,0,0,2,0,1,37,20
2020-05-10,0,0,0,0,0,0,0,0,1,0,0,1,0,0,0,2,22,0,8,0,1,0,1,0,1,1,0,1,0,0,0,0,0,0,0,1,0,0,0,0,0,0,0,0,4,0,0,0,1,0,0,0,0,0,0,0,0,0,12,0,0,0,0,0,0,0,0,1,0,49,0,0,0,0,0,1,55,25
2020-05-11,0,0,0,1,0,0,4,5,2,0,0,1,0,0,0,0,34,0,4,0,1,0,0,0,0,1,0,1,6,0,1,0,2,0,0,0,1,0,0,0,0,1,1,0,4,4,0,0,0,0,0,0,0,3,0,0,0,0,2,0,0,0,0,7,0,0,2,10,0,38,0,0,0,3,0,0,35,42
2020-05-12,3,0,3,0,1,0,2,0,2,0,7,8,3,0,0,4,30,0,6,0,0,0,1,0,0,7,0,0,2,0,0,0,0,0,0,3,0,0,1,0,1,0,4,0,7,3,0,0,1,0,0,0,2,2,0,1,2,0,15,0,0,0,5,1,0,0,1,5,0,46,0,3,1,9,0,0,29,42
2020-05-13,6,0,0,0,2,0,1,0,0,1,1,5,1,0,0,3,62,0,7,0,1,0,1,0,3,2,0,1,3,0,0,0,0,0,0,0,0,0,0,0,0,0,5,0,3,4,0,1,2,0,0,4,0,0,0,0,0,0,19,0,0,0,1,7,0,1,0,10,0,64,0,1,0,4,0,0,47,38
2020-05-14,2,1,0,0,4,0,2,0,8,0,3,5,0,0,0,8,55,0,16,0,1,0,1,0,2,4,0,1,14,0,0,0,3,0,0,1,0,0,1,0,0,1,2,0,6,0,0,1,0,0,0,0,1,1,0,0,0,0,7,0,1,0,7,1,0,0,0,6,0,88,0,0,4,16,0,2,76,54
2020-05-15,0,1,1,0,3,0,2,0,3,0,5,5,6,4,1,15,48,3,11,1,3,0,2,0,4,4,0,1,11,1,1,0,0,1,0,2,1,0,1,0,1,2,5,1,9,2,0,2,0,0,1,1,0,3,2,0,2,0,5,1,0,0,5,1,0,1,0,9,0,73,1,1,4,2,0,0,48,52
2020-05-16,2,0,4,2,0,0,0,0,0,0,5,3,1,0,0,8,33,0,8,0,2,0,4,0,2,2,0,0,3,1,1,0,0,0,0,2,1,0,0,0,1,3,3,2,2,6,4,2,0,0,1,1,1,2,0,0,5,0,5,0,0,1,0,0,0,1,3,2,1,85,0,1,1,5,0,0,50,121
2020-05-17,3,1,1,0,3,0,2,0,2,0,3,0,0,0,0,8,25,0,1,0,0,1,1,0,0,0,0,0,1,0,4,0,0,0,0,4,0,0,0,1,0,0,1,1,2,1,0,0,0,0,0,0,0,0,0,0,2,0,0,0,0,0,1,0,0,0,0,4,0,18,0,0,1,5,0,0,17,40
2020-05-18,2,0,2,1,6,0,1,2,7,0,4,7,7,2,1,11,64,0,10,0,2,0,3,0,3,7,0,2,5,1,0,0,0,1,0,4,1,1,0,0,0,0,1,0,3,2,0,1,0,0,0,0,1,8,0,0,2,0,0,0,0,0,4,1,0,0,0,6,2,48,0,0,1,17,0,5,48,102
2020-05-19,0,1,0,1,4,0,2,0,2,0,2,7,4,1,1,14,87,0,12,0,0,0,0,0,7,3,0,0,7,0,0,0,0,2,0,3,4,3,0,0,3,0,5,0,22,2,1,4,0,0,0,0,0,2,1,1,2,0,6,1,0,0,2,1,1,0,0,13,0,85,0,2,1,22,0,1,63,124
2020-05-20,0,0,2,0,4,0,1,0,0,0,1,4,5,2,0,7,57,0,8,2,0,0,2,0,5,3,0,0,7,1,0,0,0,0,0,3,2,0,0,0,6,1,3,0,7,1,0,1,0,0,0,0,0,0,5,2,0,0,9,1,0,1,1,2,0,0,0,8,1,60,2,0,1,4,2,1,58,87
2020-05-21,5,0,2,1,7,0,6,0,13,0,1,5,6,1,1,25,140,0,17,0,1,0,11,0,8,8,1,6,12,5,3,0,1,4,0,9,1,0,0,1,1,0,6,0,19,4,0,4,0,1,0,1,2,6,0,2,9,0,0,1,0,1,6,3,0,1,0,17,0,120,1,5,0,20,0,3,144,102
2020-05-22,0,0,2,0,2,0,3,0,6,0,8,8,3,1,0,20,70,1,18,1,1,0,3,0,4,6,1,2,8,1,3,0,1,2,0,6,5,1,0,0,2,0,2,0,9,6,2,5,0,1,0,4,3,9,4,0,4,0,9,0,0,1,0,4,0,1,1,23,2,131,4,2,0,15,0,2,125,84
2020-05-23,2,0,1,0,3,0,3,0,3,0,0,4,1,0,1,4,71,0,4,0,1,0,1,0,6,6,0,0,5,0,0,1,1,0,1,2,0,0,1,0,0,0,2,0,3,10,0,6,0,0,0,2,0,0,0,0,1,0,0,0,0,0,0,1,0,0,0,7,0,85,1,2,2,20,0,0,56,80
2020-05-24,1,0,0,0,0,0,1,0,1,0,1,1,0,0,0,1,7,1,6,0,0,0,1,0,0,0,0,0,2,0,0,0,0,0,0,0,0,0,0,0,0,0,0,0,1,3,0,6,0,0,0,0,0,1,0,1,0,0,0,0,0,0,0,1,0,0,0,1,0,20,0,0,0,1,0,0,26,8
2020-05-25,1,0,1,1,0,0,1,1,5,0,1,4,6,0,0,12,36,0,13,0,0,0,6,0,3,20,0,1,2,1,0,1,0,0,0,7,1,1,0,0,1,2,14,0,5,1,0,1,2,1,0,3,2,3,0,0,3,0,0,0,0,0,1,4,0,3,0,3,2,73,1,0,2,5,0,7,31,60
2020-05-26,2,1,0,1,3,1,2,1,3,2,2,3,3,1,0,19,39,2,11,0,0,0,5,0,0,6,0,1,7,5,0,5,1,5,0,9,1,0,2,1,2,1,5,0,13,12,0,9,2,0,0,1,5,2,0,0,5,0,2,8,2,1,2,8,0,7,0,18,0,85,1,0,1,5,0,2,106,68
2020-05-27,6,0,1,0,1,0,3,2,0,0,3,7,4,1,0,13,38,1,19,5,0,0,0,0,0,1,0,6,12,1,2,0,0,1,0,10,0,1,1,2,2,0,10,0,11,9,0,4,1,1,0,1,1,6,3,1,1,0,2,0,0,0,7,1,0,2,0,10,0,115,0,2,2,7,0,1,82,163
2020-05-28,1,0,3,2,1,0,28,0,6,0,12,4,12,1,0,30,97,0,33,2,0,0,3,0,2,0,0,1,21,1,0,2,2,1,3,14,12,0,1,3,10,2,13,0,17,10,1,7,0,0,0,4,2,3,1,0,9,0,0,5,1,2,11,0,1,3,0,6,0,112,4,0,1,7,0,1,82,81
2020-05-29,10,2,5,0,2,0,27,1,2,0,15,1,3,0,0,22,89,1,25,0,0,1,13,0,1,3,1,1,11,1,1,1,2,0,4,10,0,0,1,0,15,2,6,1,14,5,0,4,0,0,0,2,5,4,0,3,7,0,1,0,1,0,2,2,0,5,0,7,1,107,6,5,1,11,0,0,115,110
2020-05-30,4,0,1,0,3,1,31,0,1,0,4,2,0,0,0,4,64,2,10,0,0,1,0,0,1,6,2,0,33,0,0,4,2,1,1,12,0,0,0,0,8,0,9,0,11,1,0,6,0,0,1,0,0,0,0,0,9,0,1,1,0,0,0,1,1,5,0,0,1,89,3,0,1,8,0,0,88,98
2020-05-31,5,0,0,0,1,0,3,0,0,0,1,1,0,0,0,4,68,0,20,0,0,0,2,0,0,0,0,0,5,0,0,0,0,0,0,7,0,0,0,0,0,0,5,1,2,0,0,3,0,0,0,1,0,1,0,0,1,0,0,0,0,0,2,0,0,1,0,0,0,45,6,0,0,2,0,1,27,37
2020-06-01,0,0,0,0,4,1,2,1,2,0,0,3,1,0,0,7,40,0,16,0,0,0,4,0,4,1,0,1,7,0,2,0,0,0,1,1,0,0,0,1,1,0,22,0,8,1,0,2,1,0,0,0,6,3,0,0,0,0,0,0,2,0,1,4,0,1,1,17,2,90,2,0,0,6,1,2,76,31
2020-06-02,7,0,0,0,5,1,8,3,6,1,11,5,2,1,2,51,111,2,45,1,1,5,9,0,7,4,0,3,28,0,3,4,3,2,3,21,2,3,0,0,12,2,32,1,24,10,8,10,0,0,1,3,9,1,2,1,4,0,2,3,0,0,4,11,2,16,1,9,5,161,0,1,7,4,1,2,172,189
2020-06-03,6,0,1,5,0,0,9,1,13,1,4,6,5,0,0,33,140,3,24,2,0,0,7,1,0,6,2,1,24,3,0,1,4,0,2,19,1,2,2,1,7,0,26,0,23,4,8,8,2,0,1,3,1,7,0,2,4,0,0,6,2,1,4,4,0,7,3,24,2,128,3,2,2,18,3,0,141,191
2020-06-04,1,1,3,4,5,0,9,0,11,0,8,6,0,0,0,25,79,0,31,0,0,0,4,0,4,2,0,4,18,0,4,1,3,0,0,22,0,2,0,1,10,0,44,0,19,9,6,11,1,1,1,6,6,0,3,3,5,0,2,3,0,1,3,0,8,20,0,11,6,93,4,0,0,11,1,1,110,123
2020-06-05,2,0,1,0,3,0,8,0,13,2,2,2,3,0,5,81,144,8,35,1,1,10,16,0,1,9,2,12,25,1,0,3,5,1,0,25,1,2,1,3,2,0,24,0,13,6,4,1,0,1,0,4,9,3,1,4,6,0,2,0,5,1,5,9,8,7,1,8,4,181,1,3,5,30,0,3,245,188
2020-06-06,2,0,1,0,0,0,1,0,20,1,1,0,0,1,2,34,108,0,15,0,0,0,4,2,0,0,0,2,24,1,4,1,0,0,0,9,0,0,0,0,2,1,38,0,14,6,0,4,1,0,3,0,2,0,1,3,3,0,0,0,1,0,4,0,5,0,3,11,2,83,5,0,1,22,0,1,179,210
2020-06-07,1,0,0,3,0,0,1,0,12,2,3,3,1,1,0,78,111,0,15,0,1,0,5,0,0,2,0,3,6,0,1,0,0,0,1,6,0,4,2,3,0,0,0,1,13,2,0,1,0,0,3,0,4,0,0,0,1,0,1,2,1,7,1,0,0,4,1,0,0,100,1,0,0,15,0,1,124,123
2020-06-08,2,0,0,3,3,1,8,0,15,3,2,3,2,0,0,17,135,9,32,6,1,12,8,4,3,5,0,2,14,0,2,1,9,0,1,14,1,1,0,5,5,1,63,3,25,9,0,6,0,0,1,3,9,5,1,5,7,1,1,2,4,2,4,3,0,10,0,11,2,278,9,1,3,6,0,0,109,125
2020-06-09,6,2,0,3,1,0,2,2,16,1,3,2,1,1,6,25,144,9,61,3,0,12,2,1,3,6,1,2,18,3,3,0,0,0,0,8,0,10,3,6,4,4,39,0,8,4,3,8,1,0,10,4,8,3,2,4,6,0,2,0,2,1,3,5,1,5,2,34,3,302,8,4,2,23,0,1,204,224
2020-06-10,4,1,0,6,2,0,1,0,14,2,2,3,0,0,0,83,175,6,42,0,1,8,6,0,0,8,0,2,24,1,3,1,7,0,1,16,0,2,4,0,3,3,35,0,18,12,1,5,0,0,4,1,17,2,7,3,4,1,4,5,4,0,2,2,1,11,3,10,1,372,3,1,6,30,0,0,156,217
2020-06-11,3,3,0,1,0,0,5,4,6,2,5,1,2,0,0,29,62,1,21,4,1,11,2,2,3,1,1,3,25,1,1,0,5,0,0,13,1,5,2,0,1,0,64,0,6,7,1,5,0,0,0,1,4,0,3,3,4,0,7,0,0,2,3,1,0,6,2,4,0,114,5,1,5,8,0,0,203,192
2020-06-12,3,0,0,1,2,0,5,0,14,1,1,3,1,2,0,16,106,1,32,1,1,1,1,0,3,10,0,4,22,0,2,1,0,1,0,9,3,5,0,1,0,1,53,0,14,8,0,1,0,0,0,2,7,0,0,7,7,2,0,2,6,3,2,6,0,9,0,1,0,153,5,3,2,21,1,3,241,211
2020-06-13,8,1,0,4,0,0,3,0,14,1,1,2,0,1,1,55,95,0,11,1,0,0,0,0,0,7,0,4,13,0,1,0,1,0,0,11,0,1,3,4,1,1,33,0,18,1,0,12,0,0,2,0,2,0,0,4,1,0,12,1,7,2,2,1,7,8,9,7,3,70,5,0,1,25,0,3,85,111
2020-06-14,3,0,0,1,2,0,1,0,11,0,1,0,0,1,1,9,41,4,23,0,1,0,6,0,0,3,0,1,7,4,2,0,3,0,0,7,0,5,0,0,0,0,29,0,1,4,0,0,0,0,0,0,2,0,0,0,1,0,5,1,2,1,0,2,0,5,2,7,0,46,2,0,0,10,0,2,103,146
2020-06-15,17,3,0,3,5,0,1,0,19,1,4,8,0,1,1,32,108,7,50,2,0,1,4,4,0,0,0,1,25,2,6,0,3,0,0,14,1,4,1,7,3,0,54,1,5,15,2,1,1,0,5,1,7,1,1,0,3,2,1,0,4,0,9,1,0,15,9,15,0,225,9,3,14,18,1,0,245,135
2020-06-16,0,3,0,3,2,3,9,0,16,7,0,1,3,3,8,78,138,20,69,1,1,3,11,2,1,5,2,3,27,1,3,0,4,0,0,13,1,9,4,6,2,4,49,3,17,7,5,6,1,0,7,4,20,11,3,7,11,0,11,2,16,8,0,4,6,28,0,19,3,192,2,3,21,27,3,0,182,223
2020-06-17,13,2,2,5,4,0,4,1,50,1,3,6,4,2,5,49,217,8,56,3,6,7,13,1,1,8,2,7,29,5,6,4,1,2,2,25,1,9,5,2,4,2,37,2,18,13,8,7,1,3,6,5,12,3,7,5,3,1,7,2,9,2,2,7,4,6,5,9,3,231,11,6,13,28,1,2,218,199
2020-06-18,0,5,1,5,0,0,2,0,23,1,2,1,1,0,0,51,129,12,54,0,2,4,4,0,0,11,1,3,45,12,6,0,11,1,1,18,0,10,2,1,3,2,56,4,32,27,1,1,1,0,9,5,10,9,12,7,7,1,1,0,5,1,4,3,2,27,2,21,2,163,4,2,9,23,1,1,189,171
2020-06-19,19,3,0,3,3,2,11,0,50,7,5,3,2,0,8,124,141,16,48,2,5,2,13,1,0,14,0,3,34,1,2,1,12,2,0,16,0,17,12,7,4,4,77,4,13,21,2,12,0,0,4,5,14,9,25,5,12,0,14,5,11,5,4,2,4,16,2,19,2,157,2,4,9,29,2,6,192,181
2020-06-20,24,1,4,2,1,0,3,0,51,2,7,5,3,3,1,59,94,15,28,2,3,0,7,0,1,0,2,3,25,4,9,0,1,0,0,15,0,7,2,1,12,0,35,1,9,10,0,1,1,0,2,2,12,0,28,0,12,3,8,5,2,8,5,2,2,15,10,11,0,166,10,1,10,19,3,1,156,120
2020-06-21,10,1,0,5,0,1,3,1,14,4,4,0,4,2,1,28,24,13,40,0,1,0,4,1,0,2,2,2,17,3,4,0,1,0,0,9,0,1,3,4,0,3,52,0,6,8,1,0,0,0,0,1,1,0,0,0,0,0,4,0,7,1,0,0,0,1,1,8,0,68,3,1,3,13,0,0,101,150
2020-06-22,1,5,0,24,2,1,5,0,39,2,0,3,0,0,5,40,72,8,72,0,1,0,2,2,1,2,0,0,27,3,7,0,9,3,0,3,0,6,4,6,1,1,34,0,12,8,10,1,4,0,1,7,9,6,0,7,10,2,8,2,9,2,9,1,4,8,2,14,5,108,1,1,9,9,2,4,169,90
2020-06-23,10,3,0,1,6,3,4,2,11,4,6,5,7,2,1,30,45,27,55,1,1,0,7,0,11,2,2,2,24,5,1,2,12,6,0,13,0,13,4,2,2,0,84,2,38,15,2,9,2,0,2,2,29,6,10,13,7,0,5,7,0,1,9,2,1,19,0,13,1,128,12,2,9,14,2,3,130,129
2020-06-24,34,2,1,4,1,1,24,3,59,3,2,5,2,1,18,68,74,30,68,10,5,0,11,0,8,5,1,9,50,13,1,0,7,1,0,28,0,25,15,11,4,0,154,2,22,24,7,14,0,0,6,1,25,7,16,13,4,0,21,5,23,3,5,9,13,24,2,41,3,265,5,5,20,21,0,0,155,134
2020-06-25,12,3,0,3,5,1,7,2,21,3,13,13,7,0,12,77,196,25,41,3,1,0,7,1,5,5,3,2,34,4,21,0,8,0,3,5,0,14,4,2,8,0,174,3,22,20,13,8,0,0,2,6,19,9,4,3,5,3,6,3,23,7,15,6,1,20,2,16,2,289,19,0,7,19,0,1,246,206
2020-06-26,21,3,0,1,1,2,5,1,31,2,3,0,5,2,8,28,121,9,41,3,0,0,11,0,1,8,5,1,20,5,2,0,3,1,0,8,0,6,2,0,5,3,130,4,14,5,4,2,1,0,1,6,9,11,2,3,8,0,1,3,13,1,1,2,0,11,5,9,0,255,17,3,11,30,0,4,254,204
2020-06-27,0,0,0,0,0,0,0,0,0,0,0,0,0,0,0,0,0,0,0,0,0,0,0,0,0,0,0,0,0,0,0,0,0,0,0,0,0,0,0,0,0,0,0,0,0,0,0,0,0,0,0,0,0,0,0,0,0,0,0,0,0,0,0,0,0,0,0,0,0,0,0,0,0,0,0,0,0,0
2020-06-28,12,2,1,4,9,6,17,1,84,5,11,10,5,4,13,82,134,13,82,0,5,0,16,1,9,2,9,6,32,3,12,0,11,3,4,19,0,27,8,3,5,0,155,0,23,21,2,13,2,0,2,3,16,2,2,3,11,1,27,5,2,9,8,1,4,20,13,24,2,283,31,4,13,34,0,9,309,304
2020-06-29,17,5,0,4,3,4,5,1,46,8,1,3,6,4,6,52,128,18,116,1,4,0,6,0,3,8,3,11,19,8,10,0,14,1,0,7,0,19,3,1,8,0,101,9,4,12,10,2,4,0,2,3,26,8,5,7,1,0,5,2,5,1,6,4,5,23,4,27,2,142,9,4,13,21,0,6,235,142
2020-06-30,9,4,1,3,3,1,8,1,98,10,6,4,9,2,2,64,185,8,67,1,2,0,1,2,4,5,0,8,51,5,4,2,5,7,1,9,1,14,10,7,7,0,95,2,5,6,15,16,3,0,3,2,17,11,6,6,7,0,23,2,7,4,4,2,3,21,4,26,0,317,10,3,16,17,0,1,305,204
2020-07-01,13,9,0,11,3,2,16,2,35,0,13,2,8,10,8,76,186,18,90,4,4,0,3,1,4,15,0,4,55,17,4,0,13,5,0,10,0,18,9,5,10,2,110,7,20,14,9,25,2,0,0,8,20,14,3,1,3,1,31,2,6,1,11,5,6,38,3,44,1,291,11,7,13,30,0,6,231,256
2020-07-02,8,0,0,12,11,4,9,1,72,7,6,7,8,4,16,55,68,12,124,4,7,0,5,0,2,1,0,5,21,7,13,0,16,8,0,12,0,17,6,2,1,0,89,6,18,15,17,3,3,0,0,22,16,1,4,15,9,0,15,0,11,2,5,2,8,18,4,15,0,161,10,7,9,22,1,15,220,119
2020-07-03,15,3,0,6,0,0,4,2,55,9,10,9,6,6,14,72,146,14,93,2,1,1,10,2,3,6,3,3,21,6,2,1,0,9,0,8,0,8,9,1,2,1,94,1,7,12,10,9,2,0,0,17,21,8,2,3,7,4,18,1,7,5,7,3,9,31,11,29,1,131,6,6,15,14,1,9,221,156
2020-07-04,8,1,7,0,6,0,7,0,60,1,11,2,2,7,5,33,185,4,41,0,1,1,2,2,0,8,0,8,20,1,8,0,3,0,4,5,0,3,1,0,12,0,42,0,6,7,10,15,1,1,0,9,7,5,0,3,4,2,9,3,1,2,4,2,0,12,7,23,0,95,4,2,5,30,0,5,193,167
2020-07-05,7,0,0,1,8,3,3,2,33,6,1,1,4,1,0,46,109,3,28,2,3,0,4,1,0,2,3,6,14,5,6,0,2,2,1,4,0,9,3,0,1,0,33,0,8,11,4,2,9,0,0,2,8,0,0,1,6,1,5,4,1,3,0,3,3,3,2,5,0,105,1,9,3,26,2,3,121,76
2020-07-06,7,3,2,6,1,2,7,0,66,7,7,5,1,2,6,125,106,15,92,3,1,0,10,2,2,3,3,4,28,6,4,0,3,2,0,8,3,24,3,1,4,0,130,4,6,16,11,4,7,2,1,10,8,8,4,9,0,1,10,5,12,5,4,3,4,29,11,3,2,1,11,3,6,9,1,7,154,73
2020-07-07,10,7,2,2,1,11,8,4,54,7,10,7,2,1,13,103,264,12,131,4,4,0,11,4,12,4,3,5,31,4,2,2,6,9,2,10,2,19,16,0,5,0,201,7,11,15,10,12,0,0,4,14,36,1,3,6,1,1,15,0,3,2,11,7,11,28,8,21,2,278,21,9,4,32,0,1,370,196
2020-07-08,7,6,7,4,8,1,4,2,21,3,5,2,3,10,2,30,325,12,123,6,1,0,5,0,5,9,1,8,30,3,12,2,6,2,1,15,0,7,14,1,2,2,169,7,6,11,7,21,2,2,0,2,16,5,4,8,4,0,13,2,12,3,1,2,3,20,3,23,2,237,18,12,11,32,0,8,220,223
2020-07-09,9,5,8,4,6,1,4,1,43,13,4,0,2,11,7,54,165,8,84,7,4,1,7,3,6,11,1,6,55,5,1,0,7,3,2,12,3,16,13,4,1,1,99,5,8,1,8,16,3,0,3,19,6,3,1,1,3,0,7,7,0,1,0,7,4,16,5,50,2,173,9,17,9,23,0,4,158,214
2020-07-10,8,6,4,2,8,3,2,3,16,4,6,4,9,3,0,57,127,19,83,6,3,0,20,0,14,3,4,4,63,6,18,2,2,0,1,11,5,8,6,1,5,0,118,8,8,1,6,12,5,1,1,7,19,7,7,6,5,0,11,4,4,5,5,13,1,19,9,24,2,157,16,9,9,20,0,20,178,82
2020-07-11,2,13,1,0,1,0,4,1,85,0,4,4,1,11,7,18,94,8,52,0,0,0,2,2,6,1,0,5,16,2,13,1,1,2,0,4,0,1,1,0,5,0,77,2,2,3,5,6,4,0,1,1,5,1,2,6,9,2,1,2,1,3,3,4,4,7,1,18,0,93,26,4,3,17,0,4,93,89
2020-07-12,7,0,5,1,2,0,2,3,47,2,7,1,0,0,7,39,81,1,28,0,7,0,1,3,0,17,2,2,10,1,8,2,1,0,0,7,0,5,1,0,2,0,31,0,4,6,2,18,0,0,1,0,3,0,0,3,1,0,8,1,2,0,1,1,2,7,5,15,0,2,5,4,5,18,0,7,68,42
2020-07-13,12,0,4,3,2,15,11,1,52,4,7,7,15,5,10,50,120,22,57,5,0,2,15,1,1,2,0,2,15,7,13,0,5,5,1,4,0,9,9,4,2,2,73,7,10,4,3,12,8,1,4,1,5,4,5,9,2,0,11,9,2,6,0,11,4,34,3,21,0,76,10,19,9,14,0,7,132,60
2020-07-14,6,7,5,6,0,7,12,9,51,8,6,4,1,8,5,49,187,8,87,3,0,0,3,1,18,3,1,0,25,4,2,1,4,2,2,11,0,13,11,2,3,0,89,2,4,1,12,5,6,0,6,1,10,14,1,6,3,1,9,0,5,3,3,11,1,23,5,31,1,113,7,9,12,25,0,5,207,123
2020-07-15,5,2,3,7,0,7,8,1,13,0,5,1,1,6,1,39,167,27,75,5,5,0,2,0,7,11,11,2,29,9,1,0,2,2,1,6,0,13,7,3,4,0,48,6,6,5,4,12,8,1,2,2,6,7,6,2,0,2,8,3,2,1,5,5,2,8,2,22,1,105,7,17,8,30,0,10,120,167
2020-07-16,7,6,3,18,3,7,11,3,54,2,9,4,7,1,16,65,198,36,100,13,14,1,5,3,13,8,5,8,38,3,8,0,6,13,2,12,1,4,13,3,8,1,121,6,9,8,15,15,1,6,3,5,7,7,1,10,12,1,7,3,2,2,9,14,2,31,1,36,2,167,16,5,23,23,1,6,212,226
2020-07-17,6,10,2,4,5,4,11,1,43,3,9,5,12,2,13,49,123,17,88,4,9,0,4,2,7,12,2,7,22,13,17,2,3,6,4,2,0,1,2,6,10,0,91,6,9,8,7,20,2,2,2,7,8,9,0,9,5,3,6,4,6,0,7,2,1,20,2,23,0,147,14,3,13,16,1,2,179,147
2020-07-18,3,3,4,1,3,0,3,3,72,1,2,7,0,5,1,62,59,16,42,0,0,0,1,1,9,8,2,0,9,1,1,1,0,1,2,10,0,4,2,1,6,0,58,1,6,2,2,24,0,0,0,3,1,0,0,4,3,1,5,0,0,8,7,2,1,12,2,5,1,45,7,2,8,15,0,8,115,56
2020-07-19,3,0,1,2,3,0,6,0,45,1,9,1,0,3,1,26,24,3,10,0,0,0,4,0,0,1,0,2,18,0,6,0,2,2,1,2,0,2,6,0,1,0,16,0,2,7,1,0,0,1,0,0,2,4,0,2,5,0,2,0,1,1,1,0,0,5,2,27,0,22,5,9,8,5,1,2,89,69
2020-07-20,3,8,0,5,0,2,17,5,47,3,8,2,2,5,0,81,96,19,57,2,3,4,10,0,21,9,2,4,101,14,2,1,11,4,0,2,0,0,12,1,6,0,59,3,6,9,1,6,6,0,3,5,14,10,6,5,8,0,13,8,5,2,6,19,2,41,2,34,1,45,8,4,13,13,0,11,109,39
2020-07-21,3,7,8,6,3,2,19,0,34,10,6,5,7,4,6,33,67,23,60,4,7,2,9,0,22,2,1,0,14,8,10,0,2,2,0,7,2,3,10,2,9,0,74,4,13,3,6,16,5,1,2,3,12,8,3,8,7,2,8,4,4,7,15,8,5,11,8,29,3,36,6,4,2,7,0,6,98,51
2020-07-22,4,2,2,4,0,3,16,1,33,11,27,5,1,2,15,37,178,15,72,9,1,1,4,0,7,8,0,1,29,7,3,2,6,1,1,9,0,11,5,1,1,0,71,3,7,13,2,10,5,1,3,6,4,4,2,6,5,0,10,1,0,2,8,6,5,25,3,28,4,45,4,10,7,8,0,5,133,92
2020-07-23,3,3,0,4,6,1,12,3,22,2,10,3,11,5,10,36,188,26,57,9,3,2,5,0,1,3,4,3,27,8,1,1,2,4,1,3,0,3,6,0,5,0,97,2,1,1,5,11,0,0,5,0,7,1,2,3,6,0,9,4,1,1,4,14,4,7,4,23,3,12,7,6,27,9,2,7,76,54
2020-07-24,4,4,1,4,2,2,14,2,63,0,9,6,3,3,6,43,151,34,34,1,3,0,6,0,10,7,4,4,77,0,39,0,3,10,0,8,0,8,9,2,9,1,73,5,12,3,2,5,2,0,1,5,4,14,9,13,7,2,9,4,1,4,13,6,0,13,11,48,8,11,7,19,12,12,6,15,174,128
2020-07-25,5,8,1,2,1,0,5,1,52,6,2,0,0,2,4,29,129,5,13,3,0,0,9,2,1,12,3,0,8,0,4,2,0,3,1,1,0,1,6,1,1,1,68,0,8,5,0,4,0,0,0,0,8,2,6,4,2,1,7,0,0,3,1,3,0,7,0,4,0,31,11,2,10,19,0,4,76,136
2020-07-26,12,1,0,2,6,0,2,1,60,0,3,1,4,3,0,19,116,3,10,1,0,0,10,0,0,13,2,3,8,1,16,2,6,1,0,5,0,1,0,0,0,0,14,0,16,7,0,11,2,1,0,1,2,1,3,2,2,3,3,3,1,0,1,2,2,7,5,13,1,20,13,4,10,16,0,0,115,49
2020-07-27,0,6,1,2,0,2,5,4,58,6,28,2,2,4,1,61,16,8,84,2,4,2,17,0,7,1,3,1,72,4,0,2,1,7,7,2,1,5,3,1,7,0,56,4,4,7,3,0,2,1,0,1,8,15,3,18,4,0,3,8,0,0,10,4,4,21,4,16,5,27,9,5,6,5,2,5,77,50
2020-07-28,5,13,2,1,4,1,9,0,83,2,23,2,3,4,4,126,60,23,64,8,4,0,9,0,9,2,1,1,30,13,7,1,7,7,0,0,0,6,9,2,11,0,70,3,11,4,2,9,1,4,0,4,7,2,8,6,13,2,1,9,0,1,7,18,3,1,2,20,3,187,13,6,16,6,2,9,164,255
2020-07-29,14,2,0,10,1,1,9,0,36,0,33,3,9,4,6,41,84,10,51,4,2,4,4,0,6,5,5,2,35,11,0,0,2,4,1,11,0,3,6,2,6,3,48,3,42,1,3,10,6,0,0,3,14,14,7,4,5,0,7,1,1,1,10,3,4,5,1,23,3,149,7,2,9,5,5,4,144,108
2020-07-30,6,5,1,2,7,2,10,1,52,2,27,7,5,7,5,138,25,20,98,4,0,0,4,1,6,10,0,2,49,3,7,1,4,4,10,12,0,6,10,1,11,0,61,5,20,10,2,3,6,1,1,0,13,6,13,10,6,1,7,2,1,4,12,3,3,7,1,31,10,167,8,5,21,25,1,3,87,234
2020-07-31,3,2,2,2,1,0,10,0,45,0,12,6,8,3,6,167,35,37,87,2,4,3,13,0,10,6,2,6,44,12,7,2,11,1,8,6,0,19,27,3,6,1,43,4,6,0,3,1,4,5,1,5,14,8,3,8,5,0,11,10,2,2,9,3,1,20,2,28,9,128,10,4,23,29,1,8,178,189
2020-08-01,1,1,0,0,7,1,2,2,11,1,3,0,0,0,0,9,45,2,11,0,0,0,5,0,4,1,0,1,16,4,1,0,6,0,4,9,0,3,1,0,2,0,34,0,13,0,0,4,1,0,0,0,2,3,4,2,0,0,2,1,2,0,5,2,2,9,0,13,0,114,2,0,4,12,2,1,80,48
2020-08-02,12,0,0,1,1,0,1,1,5,0,4,2,0,0,0,39,8,6,7,0,0,0,1,0,0,6,6,1,2,0,20,3,2,0,1,9,0,4,5,2,3,1,20,0,3,1,1,3,1,2,0,0,6,0,4,2,7,0,1,1,0,2,2,2,2,14,2,8,2,36,16,0,1,6,0,1,93,49
2020-08-03,7,3,1,1,1,3,8,0,18,5,1,11,3,2,3,56,36,23,74,2,4,0,2,1,1,1,2,1,24,1,3,8,13,2,5,15,0,7,10,2,1,1,68,4,8,2,4,0,2,1,3,6,9,16,3,12,7,0,8,7,1,0,2,6,0,31,4,43,0,76,4,4,11,15,0,6,159,93
2020-08-04,2,4,0,2,5,2,4,0,14,2,3,5,2,0,4,64,81,30,92,3,4,2,8,1,51,0,6,0,32,9,2,0,3,3,3,6,3,8,4,3,1,1,80,0,6,1,3,9,3,1,1,4,17,8,7,19,3,0,3,1,1,3,3,10,2,25,0,37,3,110,3,0,15,5,0,4,51,83
2020-08-05,5,9,6,3,9,0,5,1,20,3,4,6,6,5,6,46,55,26,49,4,1,0,2,0,24,4,5,3,38,16,14,0,8,6,1,9,3,8,5,4,3,3,70,1,2,1,2,7,5,0,8,5,15,7,8,11,4,0,1,9,0,3,3,7,8,23,4,42,1,174,4,7,5,15,0,2,69,74
2020-08-06,8,9,7,1,4,1,2,1,44,4,8,13,1,2,3,80,53,21,168,14,3,1,8,1,13,2,3,1,66,3,11,3,3,0,2,6,4,3,18,2,6,0,80,4,12,1,5,15,15,5,1,2,5,3,13,9,5,1,2,7,2,0,5,5,8,31,1,39,4,156,14,3,6,7,2,3,141,68
2020-08-07,1,8,0,1,10,1,10,2,30,11,5,10,4,7,7,38,108,13,87,0,2,0,7,1,18,23,5,5,24,14,4,1,11,5,8,6,0,0,4,6,1,1,77,7,8,13,3,8,1,4,1,0,22,7,11,23,13,3,6,6,3,5,9,11,3,15,1,37,7,253,3,6,20,20,2,3,181,80
2020-08-08,3,6,2,0,8,2,3,0,43,2,11,11,0,4,7,23,78,32,57,2,0,1,3,0,6,8,0,3,9,5,8,0,1,0,0,15,1,0,4,0,1,1,35,0,4,2,1,7,4,0,2,0,7,1,3,5,10,0,3,7,1,0,5,3,4,4,0,44,1,197,4,4,4,10,0,3,133,350
2020-08-09,2,0,1,0,0,2,3,0,4,9,1,2,1,0,0,0,69,0,25,0,0,0,0,0,0,2,6,1,20,1,6,0,0,0,0,3,0,1,7,0,0,0,32,0,6,2,1,7,0,3,0,0,7,2,6,1,1,0,2,0,0,0,1,0,0,3,3,1,0,265,4,2,1,4,0,1,62,60
2020-08-10,7,11,0,3,4,2,6,0,25,15,14,19,4,3,8,79,54,11,79,6,3,0,10,0,13,2,1,1,54,11,1,0,9,4,0,14,0,6,18,8,6,0,78,3,13,4,1,4,3,5,4,6,25,7,7,5,9,0,4,12,1,2,3,5,1,46,1,43,1,151,6,14,15,7,2,10,165,93
2020-08-11,15,5,3,9,5,21,5,1,65,4,9,9,0,6,1,79,92,20,134,0,8,1,0,0,18,1,2,2,30,25,1,1,7,2,3,3,0,3,11,2,2,0,90,4,35,1,5,7,0,2,3,3,15,3,14,5,1,3,8,5,0,5,1,4,10,38,0,56,3,116,5,4,10,10,3,7,189,126
2020-08-12,6,6,0,8,2,1,8,0,108,4,4,2,2,2,5,43,42,6,132,4,2,0,1,1,12,3,2,0,41,8,7,0,2,0,1,8,3,2,3,6,1,2,84,6,48,6,4,2,15,0,0,3,5,5,6,13,1,1,8,8,1,0,16,7,4,22,1,86,2,104,5,1,17,8,1,3,175,98
2020-08-13,6,3,2,4,7,5,12,1,30,6,2,1,2,6,8,48,22,23,179,11,2,1,6,1,10,3,21,3,34,7,5,0,3,1,2,21,0,3,6,1,8,4,73,3,34,5,9,13,1,0,2,0,13,3,8,9,7,2,0,6,2,1,21,7,0,29,3,38,3,115,9,5,12,8,1,1,119,107
2020-08-14,0,7,1,13,3,1,7,1,23,3,0,16,5,1,3,52,40,15,120,10,0,0,15,4,16,1,1,3,11,5,4,3,5,3,2,23,32,4,8,2,1,3,64,2,21,8,1,6,1,1,3,2,20,6,11,4,5,1,3,5,4,1,31,6,3,24,5,22,0,107,5,10,5,8,0,7,192,92
2020-08-15,8,2,0,1,6,0,2,6,14,1,7,14,0,4,0,13,58,0,17,2,0,0,0,1,17,7,0,1,16,3,2,1,2,0,0,7,14,1,3,0,1,0,29,2,15,0,1,6,1,2,0,1,5,0,7,3,3,0,0,0,0,1,1,3,2,20,3,11,3,48,7,4,13,7,2,10,140,76
2020-08-16,6,1,0,2,8,3,3,0,9,1,2,1,0,3,1,17,48,0,14,0,1,0,2,1,1,0,10,2,8,4,0,0,4,0,1,20,6,2,2,5,3,0,32,0,4,2,0,5,0,1,5,0,1,1,1,6,9,0,6,0,0,0,3,0,0,20,4,292,0,30,5,3,9,7,0,3,124,56
2020-08-17,2,6,0,1,5,0,10,3,35,2,0,18,0,2,2,32,76,27,95,5,4,2,5,0,28,3,9,2,13,6,7,1,6,6,1,28,2,6,8,6,1,3,60,4,31,5,3,2,9,3,1,4,13,5,10,26,1,0,6,2,2,3,7,9,5,39,2,97,2,143,7,4,11,12,1,11,163,92
2020-08-18,0,13,2,2,18,3,8,2,46,2,4,6,1,1,0,35,97,21,51,9,0,0,2,0,4,3,3,2,50,4,6,0,3,1,0,8,1,1,17,1,4,4,31,1,13,3,4,3,2,7,4,5,6,3,7,4,4,3,2,8,0,1,27,9,7,19,2,71,3,82,7,2,9,5,3,9,139,68
2020-08-19,8,15,3,2,15,1,8,4,28,5,5,13,3,3,8,71,58,26,88,3,0,1,6,0,23,6,2,4,34,12,5,2,10,4,3,20,1,8,24,3,2,2,95,3,20,3,1,0,3,1,4,6,15,8,20,8,10,2,15,24,4,1,16,4,4,24,2,20,1,72,6,4,13,14,0,7,145,95
2020-08-20,10,1,3,4,3,2,11,2,39,1,0,18,0,0,7,33,77,5,46,3,4,0,2,1,6,1,0,1,23,10,4,2,4,1,2,35,2,2,4,5,3,3,53,3,22,1,1,10,6,4,1,0,15,1,3,17,6,0,8,2,1,1,18,5,4,24,1,32,1,98,7,0,11,6,2,5,134,56
2020-08-21,8,2,1,1,6,1,4,0,16,2,7,23,0,3,0,41,34,46,25,0,0,1,8,1,7,4,1,0,16,5,2,0,6,1,2,23,3,1,1,0,8,4,96,3,23,3,0,4,1,2,2,2,15,3,5,16,2,0,3,4,3,1,9,0,6,24,1,79,1,41,1,8,7,9,3,0,116,52
2020-08-22,6,4,1,1,1,0,3,0,2,0,0,16,0,4,2,34,34,4,15,0,0,0,5,0,2,6,2,4,31,7,1,0,7,2,0,9,0,1,14,0,0,0,45,0,15,2,0,11,3,0,0,0,13,1,6,4,13,5,7,9,3,2,1,4,2,9,0,30,3,21,8,2,5,9,1,2,58,185
2020-08-23,2,0,1,1,4,0,0,0,3,0,4,0,0,0,3,9,33,0,9,0,0,0,1,0,0,4,0,3,4,0,0,0,0,0,0,12,1,0,1,0,0,0,12,0,2,5,1,0,0,0,3,0,8,0,0,3,6,0,0,4,0,0,0,1,0,3,0,1,0,30,1,2,8,3,3,0,44,41
2020-08-24,4,5,1,2,10,2,6,0,7,1,4,8,4,0,7,23,48,7,32,5,0,1,2,2,8,1,6,1,16,16,1,0,6,1,1,9,0,2,6,7,1,0,37,1,10,0,1,2,5,0,0,4,11,2,1,4,3,0,6,9,3,1,6,4,2,36,3,13,0,70,5,4,6,2,1,2,54,38
2020-08-25,5,2,2,2,17,0,12,2,16,3,2,17,0,2,10,24,34,39,52,1,1,0,4,0,13,0,3,1,12,7,9,2,10,1,3,18,7,2,3,1,7,0,38,0,15,1,0,3,5,0,7,2,5,15,4,6,1,1,0,1,3,2,5,4,8,17,1,29,0,51,8,7,10,1,3,2,40,58
2020-08-26,9,3,0,2,4,0,3,2,17,1,10,3,1,1,1,22,38,19,50,10,0,0,1,1,6,2,0,1,22,7,1,0,8,2,4,13,1,2,9,5,3,0,35,0,22,4,4,3,6,0,9,2,19,3,5,8,6,0,32,8,3,1,1,2,3,13,1,42,0,53,2,9,5,8,3,0,54,65
2020-08-27,6,1,1,2,4,0,12,0,11,1,9,5,1,0,5,91,35,9,44,13,1,0,5,1,24,7,2,7,11,18,5,0,1,3,2,10,2,1,12,3,2,0,9,0,7,5,1,5,2,1,4,3,16,5,7,3,6,3,4,4,5,4,16,7,1,12,1,51,1,41,6,4,11,9,2,4,62,66
2020-08-28,12,3,1,2,1,0,5,1,17,0,2,18,1,2,0,68,74,8,16,5,11,0,5,0,66,4,3,3,19,12,2,0,4,3,1,11,3,3,10,2,1,0,51,0,10,5,4,5,3,0,3,2,26,3,4,5,7,1,1,12,2,1,1,3,3,29,1,33,4,47,6,1,10,9,1,9,71,48
2020-08-29,10,1,0,1,7,1,4,3,20,2,4,4,1,2,1,15,47,2,10,2,0,0,1,0,17,4,3,2,19,5,6,0,0,4,1,7,3,0,10,1,2,0,8,0,15,3,0,3,4,1,5,2,8,0,3,7,6,1,4,1,1,1,1,0,5,7,1,3,0,37,5,1,3,7,1,4,90,75
2020-08-30,3,1,0,0,3,0,1,0,7,0,2,1,0,0,1,16,46,1,6,0,0,0,1,3,0,4,4,0,24,0,3,0,1,0,0,3,0,0,4,0,0,0,4,0,2,2,0,1,1,0,0,0,0,0,0,0,0,0,0,3,0,0,0,0,0,2,0,0,0,158,1,1,4,0,1,0,16,4
2020-08-31,11,1,4,0,3,2,10,1,24,4,5,31,5,3,4,47,30,6,45,2,7,1,15,1,49,1,1,8,22,14,1,0,6,2,1,32,2,4,17,6,4,5,63,1,12,10,1,1,8,0,2,1,10,11,3,13,9,1,3,3,7,2,7,2,3,13,0,37,1,47,9,5,7,6,1,14,127,24
2020-09-01,17,2,4,0,1,3,14,3,13,3,9,24,0,1,1,42,47,5,13,5,10,0,5,1,31,2,3,3,29,8,0,1,2,0,1,10,0,0,3,3,1,0,40,4,12,0,8,5,3,0,7,1,12,5,2,4,2,2,3,10,5,1,20,1,5,12,1,13,2,60,5,4,1,2,1,1,94,41
2020-09-02,5,2,1,4,4,1,8,4,25,2,5,13,0,2,7,13,37,13,48,5,7,2,4,1,21,1,1,5,51,5,7,1,1,6,7,37,1,2,9,2,1,1,64,1,7,4,1,5,1,0,3,1,17,8,4,11,7,1,10,0,3,0,18,0,3,8,1,41,1,72,7,7,5,17,1,4,73,62
2020-09-03,10,7,0,12,6,0,9,6,21,2,18,10,2,6,3,54,82,10,53,5,7,0,7,0,2,3,15,0,91,10,1,0,2,0,3,16,0,0,16,3,3,1,30,0,12,5,4,7,5,1,8,1,17,12,6,5,3,3,11,4,7,0,2,1,1,13,3,19,0,62,5,2,8,5,4,1,90,77
2020-09-04,9,5,2,4,0,5,10,3,14,4,1,16,2,2,10,112,94,8,23,2,0,0,1,3,0,2,17,4,32,11,1,0,0,0,0,18,3,4,15,0,5,0,45,0,16,2,2,8,5,1,3,3,15,8,4,8,14,1,1,3,7,0,11,1,3,18,3,47,0,106,11,4,4,10,0,2,75,71
2020-09-05,4,0,0,0,0,0,5,2,3,0,3,12,0,0,0,13,53,2,6,1,1,0,2,0,0,1,9,1,9,7,0,2,0,2,0,8,1,0,9,0,1,0,27,0,5,1,0,2,1,0,1,0,7,0,4,3,2,1,1,0,1,0,10,1,0,7,3,9,0,72,10,3,4,3,2,0,71,61
2020-09-06,11,0,1,0,4,0,1,0,29,0,0,4,0,0,0,23,47,0,9,1,0,0,3,0,0,3,0,2,11,2,4,0,0,1,0,6,0,1,0,1,1,0,2,0,13,1,0,0,1,0,4,1,1,0,1,0,3,0,5,3,6,0,5,0,1,0,0,0,0,9,0,3,4,33,0,3,64,22
2020-09-07,0,0,0,0,0,0,3,0,17,0,1,7,0,1,1,16,63,1,1,0,0,0,0,0,0,0,1,1,10,2,0,0,0,0,0,6,0,0,12,0,0,0,0,0,2,0,0,3,0,0,0,0,0,4,1,3,1,0,0,1,1,0,0,1,0,0,3,3,0,30,3,1,1,4,1,0,68,16
2020-09-08,4,5,1,1,1,8,5,1,16,3,6,13,2,3,0,124,27,8,37,2,2,0,3,0,11,3,1,0,51,4,0,3,4,4,1,8,1,2,18,3,1,4,42,1,8,0,8,3,2,1,11,5,20,7,0,2,7,1,4,5,4,0,9,3,6,14,2,8,1,60,1,0,5,4,3,4,91,53
2020-09-09,5,0,0,2,1,1,8,1,23,0,11,11,1,3,1,58,14,15,29,0,16,1,3,0,3,0,5,2,20,9,1,1,1,1,0,11,1,1,4,1,0,1,120,1,5,2,9,5,6,0,3,2,5,11,0,5,4,0,2,2,4,0,15,6,3,13,1,10,5,31,8,1,2,2,0,4,66,69
2020-09-10,13,3,3,3,4,0,3,3,19,2,0,8,7,4,7,76,28,15,49,12,5,4,8,2,3,2,3,1,51,21,4,3,2,2,0,8,0,0,12,1,4,0,93,0,18,2,1,1,0,1,9,3,5,0,3,4,6,3,1,4,1,1,8,1,2,6,6,30,3,101,8,4,10,14,1,6,72,38
2020-09-11,17,3,0,1,1,0,7,7,25,4,5,6,6,1,4,18,46,9,27,4,1,4,2,2,2,3,5,1,27,15,0,1,2,1,1,9,0,2,15,1,5,0,61,0,11,0,3,2,7,2,4,1,16,0,3,4,7,1,1,2,2,0,2,2,2,13,2,21,2,70,15,1,1,6,7,5,56,55
2020-09-12,11,1,4,1,0,0,8,0,25,0,0,3,0,3,0,25,40,2,16,0,3,1,4,0,1,6,6,4,10,4,0,0,1,0,2,15,1,0,14,2,0,0,2,0,8,6,0,2,0,0,4,1,0,1,5,4,7,0,0,4,3,1,6,1,0,4,0,3,0,100,2,0,5,8,0,3,67,71
2020-09-13,0,0,0,0,2,0,2,0,0,0,0,0,0,2,1,1,46,0,2,0,0,0,0,0,0,0,0,0,4,6,0,1,0,0,0,5,0,1,0,0,2,0,5,0,12,0,0,0,2,0,3,0,6,0,0,3,4,0,1,0,0,0,0,0,0,0,1,0,0,24,0,0,0,1,0,0,45,14
2020-09-14,4,2,1,2,3,8,2,3,15,4,3,10,5,4,2,26,59,7,37,5,1,2,1,0,3,2,2,0,29,8,0,0,3,3,4,11,0,0,18,1,0,0,18,0,22,0,1,2,3,1,0,3,10,1,0,3,2,3,2,1,3,0,2,0,2,12,0,21,2,125,8,12,7,1,0,2,86,57
2020-09-15,5,1,0,4,0,1,4,2,16,1,7,6,0,3,4,63,27,14,26,4,7,0,7,0,0,0,9,5,4,2,0,0,2,1,0,20,0,2,11,2,5,0,73,0,18,1,5,6,1,0,8,1,9,0,1,2,7,1,0,1,0,0,7,3,3,5,3,46,0,65,2,0,6,7,1,3,80,32
2020-09-16,6,4,1,2,1,0,8,1,63,7,0,12,7,0,0,44,46,16,24,0,10,2,6,0,3,2,7,2,9,16,0,3,2,0,2,9,0,3,10,2,2,2,64,1,2,5,5,2,4,1,3,1,10,5,7,3,7,0,0,6,3,0,12,2,3,8,3,12,2,63,6,2,3,16,8,0,85,104
2020-09-17,21,4,1,3,0,1,8,0,53,1,2,10,5,2,1,48,47,6,26,3,2,1,3,0,4,2,1,1,24,6,3,0,1,1,3,3,0,2,17,5,2,1,38,1,12,7,4,0,6,0,0,1,13,5,6,2,9,6,6,1,4,2,12,1,0,7,0,14,0,112,13,6,6,0,1,2,80,57
2020-09-18,12,3,1,6,0,0,0,2,97,7,0,8,0,0,0,45,50,11,27,2,2,2,5,0,3,7,1,3,23,4,1,3,2,5,9,16,2,4,9,0,2,2,33,1,16,14,1,6,5,2,0,3,7,2,5,8,6,1,8,7,3,0,13,11,6,4,3,7,0,78,9,2,7,11,6,1,86,47
2020-09-19,4,0,0,0,0,0,0,0,70,0,2,2,1,0,0,19,34,10,2,0,0,0,2,0,0,0,0,0,17,4,1,0,0,1,1,11,0,5,4,0,1,2,7,0,8,1,1,1,0,0,1,0,6,0,0,1,2,0,0,0,1,0,6,4,2,4,0,19,0,54,0,2,1,1,0,0,67,62
2020-09-20,7,2,0,1,3,0,4,0,19,5,4,1,0,0,0,12,26,1,0,0,2,0,8,0,3,3,6,0,17,0,3,0,0,0,0,3,0,2,9,7,0,0,2,0,8,1,0,0,0,0,0,0,3,6,0,0,2,0,1,5,5,1,5,4,0,1,1,0,0,158,5,2,2,5,7,8,138,48
2020-09-21,2,0,0,4,2,0,8,0,63,6,1,1,1,3,1,21,58,19,31,0,13,1,1,0,5,7,1,0,41,15,2,0,2,5,6,4,0,6,24,0,1,4,6,3,25,4,8,2,3,1,0,2,5,1,5,1,8,0,2,2,0,1,7,5,0,8,1,9,1,144,10,3,0,4,0,2,86,86
2020-09-22,2,2,0,2,0,0,5,2,102,1,0,13,2,2,2,26,45,11,22,6,2,0,1,0,4,2,1,1,32,17,2,1,1,3,8,8,0,0,24,2,2,0,47,1,11,3,2,2,7,0,1,1,7,2,2,6,4,0,11,3,1,1,9,10,6,3,0,6,0,85,4,2,3,2,2,1,103,71
2020-09-23,10,1,0,5,0,0,3,0,70,1,1,5,1,0,6,31,54,11,14,3,4,0,6,0,1,4,3,2,19,4,2,1,1,0,3,12,0,1,9,6,1,5,27,0,14,1,1,6,1,3,1,1,6,0,2,2,1,0,1,2,3,0,2,10,1,3,3,19,0,83,7,1,1,7,0,0,95,127
2020-09-24,1,2,0,3,2,0,2,1,50,1,2,5,1,1,0,51,28,13,28,2,5,0,4,0,7,1,2,2,11,16,0,0,2,4,6,12,0,1,16,1,0,0,35,0,16,6,0,1,4,1,0,0,6,3,1,5,7,2,5,4,3,1,2,11,2,5,2,10,0,127,8,4,7,10,3,1,62,88
2020-09-25,4,3,0,4,0,0,5,1,118,2,8,7,1,3,10,62,61,15,39,0,3,0,7,0,9,6,1,0,17,11,4,1,6,0,8,6,0,3,10,0,15,1,30,1,3,12,1,5,10,0,1,2,13,2,2,5,16,0,0,3,5,1,12,20,1,5,1,3,1,76,3,3,2,23,4,2,93,120
2020-09-26,4,0,1,2,0,0,2,2,24,1,1,0,1,3,4,14,26,1,4,0,0,0,6,0,0,0,0,0,3,8,1,0,0,0,0,1,1,0,9,9,1,0,4,0,0,0,0,0,1,0,0,0,8,0,1,2,2,0,0,0,1,0,5,2,0,2,1,2,1,58,5,0,1,5,0,0,44,168
2020-09-27,9,2,1,1,1,0,2,0,4,2,3,2,1,0,0,19,43,5,5,1,2,0,8,0,0,0,2,0,26,0,0,0,0,0,4,3,0,1,7,1,0,0,7,0,8,11,0,0,5,0,0,1,2,0,0,0,1,0,0,1,3,2,3,3,0,3,1,13,0,44,7,5,3,2,3,1,80,118
2020-09-28,2,1,1,2,0,0,4,0,43,0,3,1,1,0,10,4,36,10,29,1,2,0,8,0,3,2,1,1,6,6,1,0,0,2,2,5,0,1,15,0,1,1,29,2,17,1,3,1,3,5,0,4,0,15,3,0,3,1,1,3,0,1,4,18,1,1,1,16,2,82,1,2,10,9,4,2,51,101
2020-09-29,4,3,1,1,2,0,3,2,19,0,3,5,2,2,1,55,57,7,21,0,3,1,3,0,0,1,0,1,7,15,0,0,3,0,1,10,0,1,10,2,3,0,39,1,2,6,3,3,4,5,5,2,10,1,1,4,3,5,0,0,0,3,12,13,1,1,1,8,0,135,7,1,1,5,1,0,140,160
2020-09-30,6,1,0,2,0,0,6,0,12,0,0,5,2,1,20,12,56,12,34,5,3,0,9,0,0,4,2,1,11,15,1,0,1,1,1,9,2,3,14,2,1,1,32,0,12,11,1,2,7,4,1,3,9,0,6,4,0,2,0,1,4,3,11,15,0,14,5,14,1,70,4,2,8,10,8,4,148,180
2020-10-01,5,3,0,3,3,0,4,3,6,1,1,7,1,3,5,57,61,18,21,5,5,0,11,0,3,1,0,5,20,12,6,0,1,2,6,6,1,6,5,1,6,1,17,0,11,6,1,1,3,0,1,0,8,2,0,12,7,1,10,5,2,0,2,10,1,6,1,24,1,125,10,9,11,13,3,1,111,134
2020-10-02,4,1,4,2,0,1,3,1,34,0,11,3,3,1,2,31,63,13,23,1,1,1,20,0,8,4,7,2,20,7,0,0,3,2,1,7,1,0,10,3,1,0,27,0,16,5,2,5,1,0,1,0,6,1,0,2,0,1,1,0,3,4,8,17,0,4,0,19,1,47,7,0,4,1,5,1,115,74
2020-10-03,2,2,0,0,4,0,0,0,20,0,0,11,0,3,0,33,45,7,3,0,0,1,3,0,1,2,1,0,2,4,1,0,0,0,2,7,1,0,9,0,1,1,16,0,2,4,0,0,4,0,1,2,0,0,2,0,2,0,0,0,2,2,2,4,0,4,0,2,0,46,8,1,6,6,2,6,161,267
2020-10-04,1,1,0,1,1,0,4,2,9,2,2,7,0,0,1,11,35,1,5,0,4,0,7,0,1,1,1,2,12,7,0,0,2,1,2,0,1,0,0,0,0,0,3,0,1,0,0,2,0,0,0,0,1,0,3,1,3,0,1,2,1,3,1,12,0,0,0,16,0,62,5,0,0,17,0,2,100,194
2020-10-05,0,1,0,3,3,0,3,0,10,1,1,16,0,0,1,27,52,8,28,1,0,0,24,0,3,1,0,3,17,1,4,1,7,1,1,2,1,1,3,1,7,0,27,2,8,12,6,0,5,2,2,0,1,2,3,1,5,0,2,0,4,0,10,11,1,2,1,14,2,22,1,6,7,2,2,3,146,103
2020-10-06,1,0,0,6,3,1,5,0,55,0,2,7,1,1,0,17,89,13,24,1,0,0,10,0,0,0,2,3,21,6,0,1,4,0,6,5,0,2,2,1,3,0,30,1,5,9,4,2,4,2,1,4,8,6,1,4,2,0,0,0,1,0,8,11,0,1,0,2,1,93,5,2,1,7,9,1,209,178
2020-10-07,4,4,0,1,3,8,1,1,36,0,1,5,2,1,1,28,63,16,18,0,2,0,11,0,3,4,0,0,16,6,0,0,3,1,0,6,5,1,6,3,2,2,27,0,9,6,3,2,4,1,2,1,1,2,0,1,8,0,1,0,1,2,5,8,2,4,1,5,0,118,3,2,8,7,7,0,98,135
2020-10-08,3,0,2,0,1,1,0,1,8,1,2,8,2,0,0,80,65,3,14,5,3,0,14,0,11,2,1,2,14,1,3,0,3,1,2,3,0,0,1,1,0,0,17,1,3,9,9,6,3,0,6,0,7,0,1,0,2,1,2,3,1,0,8,11,2,3,1,16,1,91,2,4,10,14,0,0,158,88
2020-10-09,2,0,0,3,0,0,11,1,14,1,6,7,1,0,1,24,84,4,18,2,1,2,10,0,2,2,2,0,8,6,0,1,2,0,0,0,1,3,5,1,5,0,2,0,7,4,7,1,6,0,2,4,8,0,2,1,3,0,6,1,1,1,8,9,0,2,1,15,2,117,4,0,2,11,3,1,183,122
2020-10-10,1,1,1,0,0,0,1,0,2,0,0,2,2,0,0,10,29,1,0,0,0,0,1,0,0,0,0,0,14,2,2,0,1,0,2,2,0,0,0,1,1,0,8,0,4,2,1,0,1,0,0,0,7,1,0,0,0,0,1,0,1,1,4,3,2,1,0,0,0,51,0,0,2,10,0,0,91,76
2020-10-11,2,0,0,0,0,0,9,0,2,0,0,1,1,3,0,9,50,1,1,0,0,0,7,0,0,0,0,0,9,0,0,1,3,0,10,1,6,1,2,0,1,0,3,0,7,6,0,0,1,1,0,0,4,1,0,2,1,0,0,1,0,0,0,1,0,1,0,4,0,107,0,0,0,3,1,0,88,139
2020-10-12,7,1,0,1,1,0,3,0,20,1,2,5,2,0,0,14,62,2,3,1,1,0,3,0,0,2,0,1,26,5,1,0,9,0,0,2,0,0,10,1,0,1,71,0,5,11,1,2,5,0,4,4,1,1,0,0,8,1,2,1,2,0,2,3,0,4,0,3,0,205,6,2,2,10,1,3,156,118
2020-10-13,0,1,1,0,5,0,1,0,5,1,7,6,0,1,0,20,69,17,46,0,1,0,16,0,9,2,0,2,20,11,1,0,2,0,8,0,2,3,3,1,3,0,22,0,4,0,10,0,2,1,0,0,6,4,0,1,5,0,2,1,0,1,5,3,0,2,0,12,1,221,5,0,2,6,2,1,186,104
2020-10-14,3,2,1,1,1,0,4,0,10,3,3,6,0,3,0,72,79,9,27,2,2,0,6,0,7,2,2,0,16,7,2,0,4,0,3,3,0,0,2,3,1,0,14,0,2,3,3,1,1,5,1,1,9,0,1,5,0,3,6,0,1,2,14,9,0,4,1,3,2,105,2,4,3,1,0,0,193,148
2020-10-15,3,1,1,3,0,0,2,0,3,0,4,1,0,0,0,45,45,9,37,0,1,0,3,0,6,2,0,0,12,5,0,0,1,2,8,1,2,0,0,3,1,0,21,0,6,9,1,1,2,1,3,0,10,0,0,0,1,1,1,0,1,0,4,3,7,0,0,3,0,50,6,4,6,2,0,0,89,79
2020-10-16,7,0,1,1,4,3,8,0,6,3,5,6,1,0,0,86,62,10,65,0,1,0,3,0,14,3,0,0,18,22,2,1,20,2,0,15,8,0,8,2,5,0,49,0,13,5,0,2,4,14,2,0,14,0,0,1,7,0,2,3,0,5,5,6,1,1,0,33,3,114,5,5,2,24,5,0,218,170
2020-10-17,4,1,0,0,1,1,6,0,11,1,6,3,1,0,0,37,76,0,16,1,0,0,6,0,0,11,0,0,15,3,1,0,5,0,16,0,0,0,2,0,0,0,41,0,10,6,0,2,0,1,0,1,11,1,0,0,0,0,0,1,1,9,0,13,1,0,0,10,0,139,3,6,10,15,1,0,149,162
2020-10-18,2,0,0,0,2,0,5,0,5,0,1,1,0,2,1,7,34,0,2,0,0,0,6,0,0,0,1,0,10,1,0,0,0,0,0,1,3,1,1,0,1,0,26,0,1,10,0,0,1,0,0,0,0,0,0,0,1,0,0,0,2,0,5,1,0,0,0,0,0,110,0,1,4,8,0,0,118,120
2020-10-19,10,0,0,4,2,0,5,0,9,3,7,0,1,0,1,23,105,11,49,0,0,0,11,0,10,4,2,1,26,2,1,0,4,1,8,4,3,0,2,1,3,0,21,1,18,8,4,0,4,3,1,0,1,0,0,1,7,2,1,4,1,0,24,5,2,1,0,34,0,208,0,3,12,19,5,2,164,131
2020-10-20,1,1,3,2,2,0,7,0,8,0,14,9,2,1,4,9,83,0,29,0,4,1,16,0,0,7,0,3,14,9,1,0,2,0,10,9,6,1,13,0,2,0,21,0,17,2,4,1,1,0,5,0,7,1,6,0,0,0,1,3,4,3,14,24,1,0,0,13,1,115,3,6,4,6,2,0,169,106
2020-10-21,3,1,1,3,3,1,14,0,34,1,7,3,0,0,4,46,97,4,33,1,2,0,11,0,3,4,2,1,27,4,0,0,5,1,18,13,4,2,1,0,0,0,11,0,35,19,1,1,4,1,4,1,3,0,0,3,3,1,2,0,1,7,5,11,0,1,1,10,4,212,3,1,1,11,0,0,187,184
2020-10-22,0,0,0,0,1,0,11,0,19,0,1,1,0,0,2,28,40,10,35,0,0,0,0,0,7,1,1,0,9,0,0,1,1,0,2,3,0,4,0,0,0,1,7,0,18,2,5,0,2,1,4,1,16,0,1,0,0,0,1,1,5,2,9,4,2,0,1,5,4,133,0,3,4,6,2,0,107,59
2020-10-23,8,0,0,6,4,0,2,0,15,1,10,14,0,1,8,37,96,4,51,3,3,0,7,2,20,4,2,1,30,14,0,0,1,0,16,4,10,0,0,2,4,1,9,0,8,26,3,2,1,0,3,1,3,1,2,1,15,0,0,12,6,6,11,11,0,13,1,29,3,224,7,10,12,27,9,0,246,160
2020-10-24,2,1,2,4,0,0,3,0,7,0,0,4,0,0,1,13,46,0,23,0,0,0,3,0,3,1,0,1,7,1,1,0,3,0,7,2,0,0,0,0,2,3,8,0,1,2,2,1,0,0,1,0,5,1,0,0,1,0,0,0,0,0,1,5,2,0,0,1,0,157,7,17,3,2,1,0,90,56
2020-10-25,2,0,0,0,3,0,4,0,26,0,1,1,0,0,0,10,84,1,0,0,2,0,0,0,0,4,2,0,28,0,4,0,0,0,2,2,1,0,1,0,0,0,1,0,7,5,0,1,3,0,0,0,3,0,0,0,13,0,0,0,2,0,6,8,0,0,0,6,3,163,1,2,9,15,1,0,135,84
2020-10-26,5,1,0,1,1,0,8,0,5,1,12,3,0,0,14,25,83,3,46,0,0,2,24,0,14,1,0,0,22,1,0,0,5,0,12,6,13,2,3,0,1,1,50,0,7,7,0,1,1,0,2,0,1,1,0,0,3,0,0,8,4,0,5,13,6,5,0,8,0,138,3,1,4,5,1,0,190,103
2020-10-27,10,2,3,5,4,0,7,0,4,2,6,8,0,1,4,20,135,15,30,2,3,2,10,0,11,9,1,6,61,8,1,0,3,0,2,9,1,0,1,0,1,0,73,0,26,7,8,6,1,0,2,0,12,0,2,0,3,0,6,5,5,6,1,18,3,3,0,4,9,136,2,0,2,13,1,1,108,97
2020-10-28,4,1,0,0,3,2,8,0,10,0,11,0,1,0,5,32,110,10,46,0,3,1,3,0,13,3,2,1,6,0,2,0,3,1,15,6,1,4,1,1,1,1,29,0,3,0,1,0,0,5,4,0,22,3,4,1,8,1,1,2,0,0,7,18,1,8,0,15,3,111,3,6,4,5,0,3,171,106
2020-10-29,3,2,4,3,1,0,7,0,19,0,1,4,0,1,0,47,66,3,64,2,4,0,3,0,7,4,0,2,47,2,0,0,3,0,13,8,16,1,1,1,4,0,17,0,2,13,2,4,0,1,5,1,25,1,0,0,2,0,0,2,2,0,1,16,3,0,2,9,5,94,6,4,15,8,3,2,234,177
2020-10-30,1,1,1,2,0,0,6,0,4,0,4,3,0,0,0,56,69,8,28,2,3,0,2,0,7,2,6,0,32,2,1,0,8,0,7,6,0,0,1,0,3,1,5,0,17,3,2,10,0,0,1,4,6,2,2,2,0,1,0,1,0,6,0,11,5,2,0,11,7,94,0,11,4,10,3,2,74,112
2020-10-31,26,6,0,1,8,0,9,1,4,0,26,9,0,0,0,55,104,0,11,1,0,0,42,0,9,4,2,3,21,0,11,0,3,0,9,2,0,1,5,1,1,0,12,0,2,3,0,1,3,0,0,0,12,0,0,1,9,0,1,5,0,5,8,18,3,4,0,7,6,136,1,0,6,27,14,0,205,161
2020-11-01,5,2,0,0,1,0,3,1,1,0,0,2,0,0,0,3,52,0,27,0,0,0,3,0,3,1,0,0,6,0,0,0,0,0,0,0,0,0,1,0,0,0,3,0,1,1,0,0,0,0,0,0,0,0,0,0,5,0,0,7,0,1,0,5,1,2,0,1,0,52,1,0,1,3,4,0,76,13
2020-11-02,1,0,0,1,2,0,5,5,4,0,1,1,0,2,1,19,77,4,12,0,0,0,1,0,0,9,1,0,27,0,1,0,0,0,12,5,1,0,0,0,3,1,25,0,10,2,0,1,0,0,0,0,1,0,0,0,2,0,1,0,1,0,1,0,4,1,0,1,2,164,4,1,10,28,1,0,127,105
2020-11-03,2,2,0,1,7,0,12,1,11,1,1,5,0,3,4,16,99,9,30,0,2,1,24,0,32,2,2,2,29,2,4,0,1,0,3,8,11,0,0,1,5,2,27,2,13,26,1,1,3,0,1,2,5,3,1,7,7,0,0,3,5,0,9,15,3,5,4,12,6,114,2,5,7,32,2,1,158,144
2020-11-04,20,2,11,2,3,0,1,0,15,1,9,11,3,0,0,29,72,5,55,0,1,0,8,0,31,1,0,12,28,2,5,0,12,1,3,4,6,4,2,3,4,1,35,0,10,6,4,9,3,1,10,8,17,1,0,5,1,0,1,4,0,6,15,13,1,6,1,15,12,194,9,7,5,18,3,6,175,148
2020-11-05,19,0,2,2,3,0,9,1,15,0,11,23,3,3,1,51,75,23,37,3,6,0,1,0,7,2,0,8,18,2,7,0,2,0,1,19,15,0,2,1,2,0,56,6,3,8,8,7,0,0,2,5,12,1,0,2,9,1,0,0,4,3,3,29,1,12,1,8,2,137,2,3,3,3,1,0,155,181
2020-11-06,1,3,2,1,1,0,8,0,6,4,5,17,0,1,1,50,108,8,51,0,3,0,4,0,12,0,2,1,28,3,4,0,1,0,2,15,4,3,2,0,1,0,40,0,1,2,3,3,1,1,4,1,6,3,0,7,0,0,0,1,0,1,3,19,2,11,1,8,10,151,1,6,3,7,3,2,182,238
2020-11-07,0,0,3,0,3,1,0,1,1,0,1,3,0,0,0,2,38,7,8,0,0,0,2,0,2,0,0,6,8,0,2,0,1,0,0,1,1,2,0,0,1,0,31,0,1,0,0,1,0,0,1,0,0,0,0,0,0,0,0,3,1,0,5,4,0,5,1,0,6,61,3,1,1,2,1,0,48,54
2020-11-08,7,0,0,5,2,0,16,0,19,0,1,0,0,0,0,73,92,5,31,1,1,0,3,0,2,4,0,0,66,1,0,0,0,1,4,5,3,1,1,0,1,3,32,0,12,0,0,2,0,0,1,1,0,0,0,0,2,1,1,0,0,0,0,2,6,3,0,2,3,181,1,1,12,6,0,0,194,395
2020-11-09,1,3,2,0,6,13,4,0,5,1,3,3,2,0,1,34,30,11,90,0,1,1,6,1,8,1,1,0,11,1,6,0,2,3,0,8,2,3,3,1,9,2,59,0,4,0,1,0,0,0,0,6,6,2,6,0,1,1,0,1,1,0,11,6,0,11,1,23,5,38,2,1,2,5,1,8,73,30
2020-11-10,5,3,5,1,22,1,18,3,51,0,35,15,0,3,1,62,117,19,77,1,3,0,17,0,16,5,1,8,37,4,26,0,11,1,8,10,19,2,4,3,3,1,29,0,12,34,2,23,10,0,2,5,11,7,6,3,11,0,2,8,4,6,11,37,2,19,1,21,10,182,5,6,12,39,3,1,190,172
2020-11-11,1,5,0,6,1,2,11,1,54,3,2,9,0,2,0,20,76,24,27,1,1,1,10,0,11,4,0,3,16,2,4,1,7,0,14,7,3,5,6,1,0,1,13,4,10,3,4,6,0,0,2,2,6,3,3,3,8,0,2,3,1,6,2,31,5,4,1,15,7,126,1,3,10,30,2,2,167,232
2020-11-12,23,2,10,0,14,0,3,3,26,1,15,8,0,0,0,51,176,24,55,1,0,2,9,1,7,4,1,11,40,3,17,2,10,1,11,6,27,2,4,0,10,1,6,0,10,15,2,12,0,0,4,3,5,1,0,3,9,2,2,2,15,2,21,19,0,12,0,5,10,130,2,8,8,11,1,11,193,159
2020-11-13,7,6,7,3,8,0,17,0,21,0,13,4,8,1,8,82,155,13,43,0,1,1,11,0,12,3,1,1,46,4,10,0,6,0,7,8,3,4,5,2,8,0,35,1,11,5,3,12,3,1,1,2,6,0,2,1,2,1,1,2,2,0,13,39,1,8,0,17,11,156,3,12,5,42,0,16,168,197
2020-11-14,1,2,4,0,4,2,1,1,17,4,1,3,1,2,0,35,33,26,38,0,0,0,2,0,2,1,1,5,27,0,2,0,2,0,6,3,0,1,0,1,1,0,19,0,2,4,0,9,0,0,0,2,4,1,1,0,0,0,0,2,0,0,4,12,0,1,0,3,3,101,2,1,1,18,0,3,119,41
2020-11-15,2,3,0,6,0,0,7,0,23,0,0,0,1,0,3,101,109,22,15,0,0,0,0,0,0,4,0,13,49,4,1,1,2,4,2,11,0,3,1,0,0,0,28,0,11,4,1,2,0,0,3,0,1,0,2,3,3,0,8,0,0,0,9,9,0,0,2,3,0,244,0,0,0,9,2,0,203,239
2020-11-16,4,0,0,2,24,1,12,0,19,0,6,4,0,2,0,72,119,51,49,2,4,0,20,0,10,2,1,0,75,0,2,0,3,3,2,15,12,0,2,0,5,1,8,0,14,0,4,0,2,0,3,1,0,1,3,0,2,0,1,4,2,1,10,24,2,6,1,12,12,113,2,6,4,33,0,5,237,104
2020-11-17,10,2,1,5,11,0,11,5,47,2,9,14,5,1,1,99,168,34,95,0,7,0,23,0,15,10,12,18,32,8,33,0,20,3,16,5,9,4,3,1,11,3,30,1,9,21,7,10,1,0,3,7,10,6,1,3,9,2,0,1,2,6,36,49,5,19,1,28,8,166,6,7,21,48,2,9,306,254
2020-11-18,6,2,7,4,3,2,15,3,13,3,6,4,1,2,3,112,121,43,47,0,1,1,3,1,14,3,1,2,51,1,1,0,4,4,1,8,2,0,1,3,2,4,25,3,19,10,4,10,1,1,4,1,7,3,1,3,7,0,6,7,2,5,13,19,7,6,1,14,9,179,3,8,22,9,1,3,122,173
2020-11-19,1,4,1,7,12,10,14,1,40,2,6,14,1,1,0,83,92,22,76,0,2,4,3,0,8,2,3,2,13,1,3,1,12,2,4,15,1,3,4,2,5,1,50,5,13,3,6,4,0,0,5,5,5,0,1,0,5,0,5,2,3,2,13,16,3,9,0,26,8,129,1,5,6,4,2,6,76,126
2020-11-20,14,5,1,18,24,5,5,0,24,1,22,18,0,2,0,153,152,42,43,0,2,1,17,2,15,8,2,17,29,3,21,1,9,3,13,12,23,4,10,3,19,0,93,5,20,12,11,13,4,0,1,4,7,1,1,1,8,0,14,4,7,6,26,35,2,9,1,53,17,259,2,2,6,32,0,11,194,113
2020-11-21,1,0,7,0,7,0,1,2,2,0,2,2,0,1,0,30,36,15,39,0,4,0,14,0,2,0,4,0,6,2,0,0,2,1,1,2,0,1,0,0,1,0,32,1,9,18,2,0,0,0,0,1,14,0,0,0,1,0,1,1,2,1,5,12,2,2,1,3,3,119,1,1,13,20,0,1,106,23
2020-11-22,2,0,0,7,2,0,3,0,19,3,11,0,1,0,0,9,73,2,44,0,0,1,2,0,0,0,7,4,4,0,1,2,14,2,5,7,1,0,0,0,0,0,122,1,0,2,0,3,0,0,1,0,2,1,3,1,2,3,7,0,0,0,6,0,1,5,2,1,12,83,4,1,2,8,4,0,85,32
2020-11-23,6,3,3,2,5,0,12,1,3,2,9,6,3,1,1,89,61,37,74,5,0,6,4,1,29,4,8,8,66,4,6,0,4,3,1,15,4,10,16,3,10,0,155,6,33,0,9,1,2,2,0,0,7,4,1,4,9,0,4,7,3,0,22,28,3,11,3,22,17,127,1,19,15,3,0,6,145,88
2020-11-24,7,9,12,10,6,21,8,1,20,2,6,31,2,0,0,89,116,53,75,5,2,4,2,1,33,0,15,8,45,8,5,1,15,3,3,27,8,1,3,2,20,4,178,10,14,2,23,9,4,0,9,0,10,4,1,4,15,0,1,7,1,2,25,38,5,12,3,29,15,219,3,2,3,7,0,13,214,125
2020-11-25,2,9,8,8,6,3,17,2,6,4,9,12,0,0,1,112,93,37,86,0,0,7,6,2,36,1,11,3,35,5,4,1,3,8,3,23,4,7,7,0,1,0,85,11,11,5,15,4,3,3,5,2,7,6,2,1,3,0,1,5,2,3,12,29,8,11,4,20,13,166,4,1,20,33,1,7,304,249
2020-11-26,2,6,2,4,12,5,18,2,61,2,10,11,4,2,6,111,117,14,84,1,3,1,15,3,9,11,11,13,71,7,8,2,30,10,10,26,7,7,5,0,18,0,36,4,19,32,13,11,2,0,7,10,13,9,0,1,8,0,4,8,1,1,12,39,7,10,2,14,33,286,3,0,18,27,0,10,294,207
2020-11-27,8,8,5,7,7,13,3,2,53,2,10,3,0,2,4,119,139,34,97,1,8,0,10,6,12,5,5,5,65,4,17,7,8,3,6,14,23,6,21,4,9,3,45,11,23,4,13,0,0,0,9,6,16,7,5,1,12,1,10,7,5,7,18,33,5,9,2,12,34,242,10,7,10,41,3,12,294,102
2020-11-28,0,3,0,0,25,0,2,0,1,6,1,0,0,0,1,11,16,1,3,1,0,3,5,0,0,6,0,0,1,0,0,0,3,1,1,1,4,0,1,0,0,0,0,5,1,0,0,0,0,0,0,0,2,0,2,3,1,0,0,2,0,0,0,13,0,1,0,1,0,4,0,1,0,0,0,0,16,9
2020-11-29,12,1,10,11,16,5,28,3,81,9,10,9,4,3,1,172,209,2,43,1,7,2,20,6,0,8,17,9,125,9,16,2,13,2,40,13,0,4,11,3,34,1,54,1,31,21,3,12,3,0,6,4,13,2,2,2,30,1,7,10,6,2,16,21,2,11,1,16,16,454,10,4,36,29,4,3,360,177
2020-11-30,2,9,1,5,4,5,9,0,16,3,3,76,2,0,0,58,31,68,95,0,0,0,6,0,0,0,8,0,15,16,2,1,7,0,3,16,5,2,2,2,7,4,19,8,9,5,14,4,11,0,4,4,0,5,1,0,6,0,1,7,1,0,4,27,6,4,1,7,15,123,2,3,7,10,0,9,86,50
2020-12-01,10,21,12,11,51,8,10,0,34,14,39,25,3,5,2,72,146,47,104,1,0,5,13,11,33,6,25,6,41,9,5,0,44,9,4,17,8,10,10,7,15,1,76,9,13,8,7,4,5,0,20,10,21,11,0,8,4,1,20,6,8,13,17,17,5,23,3,27,39,269,9,35,38,30,4,11,138,110
2020-12-02,1,13,5,9,28,13,31,1,84,5,13,35,6,2,0,200,135,17,52,2,3,11,6,12,4,4,13,25,61,8,0,1,9,19,19,17,3,10,14,2,6,0,119,13,27,1,6,12,6,2,7,3,12,12,6,9,11,0,12,13,6,2,32,60,2,11,3,40,30,177,6,2,18,26,4,17,205,204
2020-12-03,2,12,5,14,6,6,8,1,16,11,10,8,2,0,2,57,60,35,144,1,3,1,10,17,8,0,7,1,42,10,2,3,12,11,2,16,3,7,10,4,7,0,110,5,14,15,26,7,7,0,21,1,13,1,0,0,10,2,22,9,3,2,16,34,0,17,5,32,33,159,1,11,11,38,0,4,164,45
2020-12-04,18,11,0,12,9,2,10,0,18,8,16,4,7,6,3,150,87,15,94,2,2,2,10,5,17,9,15,4,15,16,2,0,19,5,11,18,7,7,14,3,3,2,184,11,39,2,16,14,3,0,7,17,16,8,2,4,7,3,4,9,5,1,5,34,3,10,3,15,23,183,5,15,32,26,8,9,138,139
2020-12-05,2,9,1,11,15,2,27,5,46,5,8,20,1,0,4,91,256,4,99,1,1,0,10,16,3,10,22,20,52,2,19,1,36,1,17,3,11,3,2,0,5,0,24,10,33,12,1,8,0,0,17,7,5,3,6,1,14,1,13,10,12,4,10,56,2,8,4,23,9,223,7,2,20,95,0,5,160,117
2020-12-06,5,2,0,3,13,0,8,4,78,2,1,3,0,4,0,116,189,11,17,0,0,0,12,0,0,12,0,0,46,2,10,3,39,8,8,1,23,1,9,2,13,0,73,0,27,24,0,4,0,1,10,2,2,0,4,1,21,5,14,11,2,0,14,30,1,6,3,8,0,223,7,9,0,68,0,5,159,141
2020-12-07,8,4,3,15,28,5,16,3,46,15,8,11,12,4,0,68,83,24,76,0,1,0,15,1,18,4,40,12,33,6,1,0,16,1,26,12,12,7,6,2,14,6,140,7,13,11,22,10,0,0,9,7,3,7,5,2,4,0,1,9,7,4,3,26,3,13,0,37,40,230,2,19,58,34,1,8,151,109
2020-12-08,29,9,4,10,24,15,20,0,54,11,41,12,1,5,6,119,162,19,130,0,8,15,28,31,8,14,39,20,33,12,10,0,15,25,24,14,20,9,22,1,33,0,16,5,53,21,25,14,0,3,22,5,29,17,10,3,34,1,10,17,16,3,40,43,12,55,4,32,25,226,7,10,26,50,11,18,346,140
2020-12-09,8,15,20,6,16,9,44,1,71,11,28,29,2,6,3,162,178,40,82,5,6,8,5,11,14,1,22,22,77,5,6,2,10,8,9,41,6,10,28,7,5,0,69,15,44,8,19,12,6,5,9,8,47,12,3,7,19,2,0,10,13,5,76,43,8,16,3,54,15,224,13,9,16,50,6,9,348,157
2020-12-10,6,8,1,10,14,4,6,2,21,1,14,14,2,1,1,75,92,42,137,5,7,1,18,12,1,1,17,8,40,3,2,0,43,14,6,7,5,0,28,1,4,1,31,0,17,10,20,10,11,4,5,6,46,7,2,6,11,6,2,15,2,0,36,35,5,17,1,24,19,154,5,13,17,23,1,8,194,104
2020-12-11,5,3,0,20,23,2,20,5,97,8,32,14,3,6,3,116,169,31,132,0,12,2,25,14,19,13,43,8,60,12,3,7,35,5,11,19,14,8,10,6,12,0,59,11,26,22,16,28,3,5,16,6,31,11,5,12,18,3,44,35,14,3,38,42,9,8,9,20,14,295,18,14,28,49,5,12,217,143
2020-12-12,7,1,0,1,22,0,28,5,46,12,11,4,0,2,5,154,70,0,24,0,3,1,11,1,1,2,11,13,39,4,3,0,19,3,17,13,0,5,14,0,4,0,26,0,10,10,0,5,1,0,1,0,1,2,3,1,3,5,4,11,11,3,16,21,2,17,0,9,2,130,8,3,33,19,2,5,187,294
2020-12-13,0,0,0,0,0,0,2,0,1,2,2,5,0,0,0,11,10,0,6,0,2,1,0,0,0,2,8,0,25,0,0,0,11,1,0,5,1,1,12,0,0,0,4,0,0,0,1,0,0,0,0,0,3,0,1,3,1,0,2,4,0,0,3,3,0,1,0,0,0,24,0,1,0,4,0,0,58,91
2020-12-14,19,1,0,1,10,0,21,0,57,23,30,13,2,0,0,49,40,15,0,0,0,1,1,2,1,7,2,39,5,7,0,0,32,14,6,12,1,6,0,1,1,0,11,0,14,0,0,10,4,1,0,0,0,0,3,2,18,0,0,0,4,2,12,6,0,1,3,3,1,162,3,15,4,8,3,2,92,17
2020-12-15,23,7,3,15,39,5,74,6,99,24,32,25,3,27,2,112,174,25,134,8,13,6,37,19,15,15,22,14,119,17,30,8,10,7,17,22,27,27,18,7,31,1,366,8,38,35,34,34,3,4,29,9,33,10,5,11,27,1,2,43,5,6,50,49,17,33,2,73,17,381,15,10,57,106,3,24,387,327
2020-12-16,38,5,5,36,23,9,44,7,150,19,59,31,11,9,5,316,263,48,264,4,5,3,37,20,7,22,24,37,49,31,12,8,33,37,28,25,17,28,76,4,37,0,223,6,62,18,35,13,2,8,30,23,23,19,9,6,27,2,22,21,7,2,65,44,10,54,5,110,16,308,14,11,52,38,11,17,413,190
2020-12-17,14,2,0,19,18,7,23,7,113,29,16,15,2,3,8,137,167,45,85,8,2,3,32,4,10,8,10,18,98,12,0,7,31,2,21,46,3,18,41,6,17,3,82,4,46,21,22,17,9,2,7,8,9,30,0,8,19,5,5,24,18,1,38,33,8,21,2,101,13,148,9,24,38,68,5,12,310,203
2020-12-18,7,5,1,12,40,0,28,8,71,6,14,37,4,5,8,46,107,29,118,3,4,3,56,6,0,13,13,33,21,18,5,6,21,5,3,20,6,8,13,2,5,8,203,3,20,19,20,30,8,11,15,16,19,6,1,3,5,3,16,7,10,0,13,25,5,22,3,66,14,205,10,2,23,32,1,17,129,154
2020-12-19,46,3,5,6,15,0,6,0,104,20,35,3,1,4,14,204,194,7,84,0,10,3,38,21,1,4,11,27,62,7,12,3,4,9,8,18,7,9,42,10,23,2,137,0,35,14,5,29,7,0,7,6,1,1,4,1,24,4,2,0,8,5,19,14,4,16,2,3,4,308,22,9,23,25,5,4,187,223
2020-12-20,1,3,0,6,4,0,11,1,70,10,12,18,6,7,1,128,81,0,11,0,2,2,1,4,2,2,1,27,58,9,9,4,11,8,6,20,1,8,22,5,3,2,150,0,20,6,1,14,0,4,3,3,12,0,16,1,5,2,12,1,2,0,10,10,0,2,1,41,1,222,9,7,18,15,4,2,113,205
2020-12-21,2,2,3,11,22,9,24,1,92,4,12,10,2,11,0,58,77,30,89,4,0,0,5,4,6,1,8,3,39,13,3,2,8,9,3,19,5,8,20,2,1,8,68,3,8,1,24,4,1,4,6,5,32,14,3,5,4,1,4,3,4,4,42,14,13,26,2,14,26,221,3,3,19,16,1,21,128,160
2020-12-22,26,10,14,7,15,14,25,3,119,1,12,8,5,6,10,62,205,43,196,3,4,4,34,4,17,12,20,8,39,11,10,2,5,11,4,27,4,19,20,10,21,6,113,8,18,6,26,22,6,9,21,16,32,21,2,10,7,3,0,26,14,4,25,32,8,25,2,44,10,226,4,9,44,42,4,14,124,201
2020-12-23,12,9,17,5,28,0,21,1,27,10,17,12,3,4,6,103,110,25,132,9,10,1,7,5,26,15,12,17,52,10,5,3,12,2,17,0,8,14,33,1,6,1,116,2,28,16,28,14,18,4,11,10,17,20,5,2,14,3,2,24,7,1,11,19,2,24,4,20,6,258,13,0,7,29,5,19,135,103
2020-12-24,31,1,0,1,5,1,19,1,96,8,15,2,6,4,2,97,93,3,134,1,11,1,12,1,1,0,2,9,20,9,1,1,7,0,3,11,16,3,4,5,11,0,175,1,9,11,7,21,9,15,12,9,17,7,4,5,7,3,8,13,8,3,14,28,4,30,0,31,2,157,13,3,27,11,4,13,182,124
2020-12-25,10,0,0,2,4,0,5,4,8,1,11,0,1,2,0,44,78,1,31,0,10,0,6,4,0,7,0,13,29,2,0,0,0,0,6,21,0,0,8,2,20,0,8,1,25,18,0,0,0,0,4,1,24,4,0,2,13,1,6,3,2,0,4,1,2,11,2,14,1,183,12,11,24,16,2,0,119,80
2020-12-26,7,3,0,4,0,0,12,1,67,1,23,1,1,0,1,57,138,0,35,1,1,1,0,0,1,2,2,23,81,4,3,1,12,7,9,9,3,4,1,3,1,2,137,0,9,4,4,8,4,4,8,0,3,6,0,5,11,0,3,1,2,0,7,5,1,3,5,48,1,202,3,4,31,29,2,1,168,178
2020-12-27,2,0,0,1,0,0,11,1,55,3,1,1,0,3,0,23,65,0,35,0,0,0,22,1,0,9,5,5,29,2,5,0,0,4,0,1,0,6,1,2,3,9,32,0,19,14,2,12,2,0,6,0,0,0,1,0,7,0,0,1,0,0,2,0,0,1,0,0,0,119,0,7,6,6,0,0,53,59
2020-12-28,9,1,0,14,36,12,35,9,110,13,29,10,3,11,2,167,112,31,144,2,19,3,7,3,2,10,2,20,47,10,8,6,17,8,21,19,3,5,6,8,32,0,77,2,32,22,17,15,10,2,13,2,6,6,9,11,3,15,13,2,9,0,34,44,6,41,2,114,9,218,12,10,35,33,3,16,215,170
2020-12-29,40,4,4,5,25,14,26,6,145,24,27,44,6,20,10,160,159,44,221,2,9,0,35,13,18,15,18,11,47,23,11,9,13,16,11,17,21,11,26,4,42,1,109,2,37,17,47,25,9,10,34,10,21,20,5,10,12,7,7,34,17,3,66,44,3,56,3,82,14,143,13,15,18,43,10,20,225,208
2020-12-30,34,2,10,16,30,0,17,3,104,5,31,19,8,15,9,206,201,28,150,8,26,8,5,3,6,5,19,43,88,23,10,5,1,8,14,11,7,24,22,9,21,1,175,1,14,9,23,22,12,6,20,1,12,23,8,15,3,4,5,11,2,5,20,22,15,59,1,58,10,352,15,14,33,21,6,14,330,104
2020-12-31,17,3,1,4,4,0,13,2,37,3,26,5,0,4,5,24,94,6,100,4,2,1,6,1,1,1,1,10,70,12,7,3,1,9,7,6,1,10,22,8,16,6,38,0,10,10,1,9,8,0,27,3,9,7,5,12,16,0,4,3,1,1,1,17,9,21,2,83,8,215,12,9,4,8,0,7,123,196
2021-01-01,13,0,0,2,5,0,13,0,39,0,0,1,5,5,8,107,78,3,27,0,2,1,6,0,0,3,0,15,32,18,1,1,9,1,14,10,6,0,0,4,0,13,45,0,7,18,0,14,3,0,7,0,1,0,1,6,0,7,2,2,2,5,9,10,1,15,5,1,7,127,16,0,21,13,8,0,180,48
2021-01-02,13,0,0,8,3,0,2,11,56,0,14,0,0,4,0,16,86,1,49,0,6,0,14,0,1,8,5,1,20,5,5,6,0,0,6,2,4,1,13,1,21,0,13,0,16,3,1,7,0,0,4,0,15,2,2,4,3,0,8,1,0,2,1,2,4,22,4,20,3,214,6,1,6,15,3,1,112,87
2021-01-03,0,0,0,0,3,0,8,4,50,17,8,0,4,17,0,72,98,0,14,1,11,0,9,1,0,6,0,24,63,10,5,1,10,0,1,11,4,2,1,2,30,0,125,0,14,21,0,0,7,0,1,0,17,3,5,1,6,8,0,1,0,1,11,12,1,7,0,38,1,275,4,8,21,24,4,0,159,146
2021-01-04,6,1,2,12,9,1,15,4,89,3,20,10,6,9,6,90,77,30,116,1,6,0,17,2,10,1,12,1,69,3,0,0,3,2,3,4,3,17,6,13,6,14,6,1,17,17,23,16,2,7,44,14,9,18,0,6,12,3,0,10,5,5,68,22,7,26,5,14,9,88,7,7,29,13,2,16,132,96
2021-01-05,12,8,3,5,4,0,12,2,134,18,37,11,3,3,4,74,163,35,96,3,7,2,18,3,10,5,5,8,119,13,3,0,5,12,3,9,2,27,11,5,19,2,166,1,39,7,34,12,2,2,19,11,24,8,2,16,6,8,3,28,5,5,26,8,4,32,1,7,11,261,19,9,14,15,0,16,241,381
2021-01-06,4,2,0,3,2,0,3,0,9,3,18,3,1,0,0,21,29,8,21,0,0,0,2,0,1,1,3,25,4,5,0,1,0,1,1,1,0,5,3,0,8,0,41,1,2,1,12,8,0,0,4,4,6,6,0,4,2,2,0,14,0,0,5,5,4,5,0,4,2,35,0,1,0,6,0,6,14,17
2021-01-07,31,14,2,26,21,4,11,8,119,11,32,11,13,6,12,213,164,36,166,14,35,2,24,2,2,21,14,21,77,34,16,1,16,17,24,23,13,17,50,16,2,19,131,3,48,28,24,27,8,9,64,3,28,13,4,23,0,11,10,13,19,14,43,32,2,59,0,91,13,254,23,18,47,28,5,27,211,177
2021-01-08,18,5,0,15,11,11,21,4,61,3,46,11,1,9,11,94,105,19,115,13,12,1,7,3,6,15,2,18,53,13,8,5,5,0,6,30,3,14,24,8,27,2,151,0,18,8,16,20,8,0,27,4,44,9,7,16,2,1,4,30,6,10,25,28,3,39,1,66,7,214,13,10,29,20,8,23,227,100
2021-01-09,9,2,0,2,2,0,13,0,109,1,4,6,10,4,9,106,42,6,23,2,0,0,4,1,0,2,0,28,7,10,2,1,3,6,8,1,0,11,3,0,8,1,138,1,21,5,1,16,2,10,4,1,4,0,12,10,2,10,1,10,1,7,11,10,2,12,2,34,5,181,10,8,15,14,9,7,140,105
2021-01-10,13,0,1,13,2,0,7,6,73,4,11,0,1,4,8,62,63,0,13,0,11,0,2,0,1,4,1,0,37,5,6,5,0,0,1,1,0,2,0,6,11,0,126,0,17,8,0,3,14,0,11,3,7,1,0,6,0,3,7,0,2,3,6,6,0,1,8,11,1,202,9,5,5,20,0,8,152,350
2021-01-11,4,2,1,28,6,2,25,2,80,7,29,7,4,4,6,29,114,4,112,7,20,0,20,0,3,12,4,24,63,8,9,2,4,3,9,1,5,24,37,4,15,8,166,1,38,17,13,6,1,0,16,8,27,11,12,8,2,1,2,5,4,8,27,35,5,21,10,49,4,162,3,21,27,48,10,9,175,117
2021-01-12,9,3,0,12,3,3,17,14,113,10,32,20,0,8,12,168,122,23,104,11,12,0,11,3,13,3,9,11,142,11,1,3,2,12,4,7,1,25,6,9,10,1,26,4,13,4,21,22,16,6,19,4,43,3,2,11,18,1,12,14,2,4,21,8,2,11,0,43,5,234,2,14,16,16,3,14,202,183
2021-01-13,26,4,1,7,11,0,18,4,70,4,18,12,7,7,3,146,94,26,72,6,29,0,6,3,11,9,4,14,81,8,3,10,7,1,3,6,6,4,24,3,8,7,37,2,25,14,8,28,15,1,10,3,43,4,10,7,3,5,1,22,4,5,10,13,4,1,0,17,4,217,18,10,27,19,7,17,257,96
2021-01-14,0,9,0,8,12,2,3,3,121,3,7,20,1,2,10,187,76,33,131,10,6,0,13,1,1,6,4,28,53,14,5,2,11,6,9,5,3,15,5,4,6,0,144,0,23,7,12,11,10,5,12,3,43,6,2,14,8,4,1,3,0,2,30,2,2,29,2,62,3,87,3,20,14,20,1,3,267,115
2021-01-15,15,6,4,9,2,1,15,7,62,4,20,7,0,12,25,229,137,15,124,11,25,0,5,0,3,5,8,3,56,12,9,4,5,1,0,9,1,24,23,4,20,2,122,0,39,5,14,12,8,7,5,2,30,6,13,9,2,7,5,12,13,3,18,16,1,14,0,36,3,225,9,7,24,59,3,11,212,160
2021-01-16,13,3,3,17,1,0,14,4,109,2,2,8,6,2,2,79,47,12,35,0,5,0,11,0,4,14,0,18,81,6,9,4,3,8,5,26,1,13,1,3,24,20,47,0,50,11,1,21,9,2,16,3,18,0,16,7,10,7,5,1,4,2,16,13,1,18,6,26,2,218,8,14,14,36,3,3,185,90
2021-01-17,1,6,0,6,0,0,5,2,93,2,10,1,0,1,10,81,97,0,9,0,6,1,1,0,0,6,0,10,22,6,2,0,5,5,0,1,5,1,0,2,4,5,44,0,1,2,0,0,0,0,4,4,1,0,1,0,5,0,4,1,0,0,19,4,0,0,0,36,7,262,7,5,11,16,4,0,117,72
2021-01-18,11,2,0,10,12,0,19,1,87,2,15,19,6,8,4,128,67,5,79,0,4,1,24,1,11,5,8,11,91,5,5,2,10,5,3,27,2,8,27,3,12,4,70,1,32,11,8,19,21,6,9,6,49,7,12,5,7,10,12,10,4,1,20,19,1,15,4,83,0,139,4,2,9,25,1,19,158,112
2021-01-19,15,7,0,11,11,4,18,2,46,5,18,10,0,6,8,187,91,14,94,7,12,1,11,1,2,10,4,4,97,9,4,1,4,6,7,6,3,21,8,7,6,1,69,4,13,5,10,8,13,10,6,5,32,6,0,11,6,3,1,15,3,4,18,15,5,7,0,46,9,196,21,3,31,32,4,11,269,93
2021-01-20,25,9,5,4,1,0,8,0,9,3,11,10,9,3,14,63,62,8,69,6,11,0,2,6,1,1,1,4,32,10,10,0,2,4,2,8,1,14,13,4,2,2,27,0,35,13,3,4,6,8,0,1,22,7,1,5,2,3,0,7,3,1,4,12,4,8,4,12,5,186,4,3,11,11,3,13,133,94
2021-01-21,1,4,1,9,21,0,9,7,51,3,10,6,0,4,10,130,94,6,94,6,10,1,8,3,1,10,3,22,73,8,4,5,7,8,2,10,7,9,3,14,8,2,73,12,46,3,6,5,5,4,12,5,18,4,10,9,6,1,5,9,10,2,21,31,7,5,2,60,3,265,8,8,15,25,1,18,283,148
2021-01-22,15,15,4,11,9,0,13,4,76,2,18,13,2,4,16,141,115,14,88,0,6,1,16,3,20,5,5,8,44,12,5,2,10,6,3,20,7,6,2,8,15,5,44,1,11,4,6,13,9,13,32,10,44,1,7,13,11,6,9,21,3,7,18,11,4,23,1,25,5,199,15,3,11,12,1,10,373,180
2021-01-23,10,5,4,8,1,0,12,7,43,0,5,7,14,0,3,64,74,10,23,0,3,2,1,0,6,0,0,23,53,1,4,1,1,6,6,13,2,7,19,2,8,1,54,0,21,1,1,10,9,1,0,4,12,1,2,11,6,0,1,2,8,8,8,6,1,9,3,4,10,110,2,2,3,9,1,2,124,70
2021-01-24,1,0,0,6,7,0,9,2,40,9,2,2,0,3,11,71,30,3,11,0,2,0,9,0,0,13,0,2,25,2,7,1,8,0,0,0,4,4,0,4,1,7,1,0,19,0,0,1,6,0,0,10,3,0,8,0,9,11,5,0,0,0,8,13,0,5,3,32,1,146,17,2,13,13,9,0,123,46
2021-01-25,20,8,0,4,10,0,13,3,70,7,20,9,9,5,1,92,132,7,53,5,7,3,14,1,12,10,9,5,74,10,5,1,2,5,2,18,2,23,14,3,6,5,31,2,31,6,4,21,5,17,9,3,19,7,6,11,10,1,0,2,7,1,16,9,7,18,2,46,5,142,5,13,21,30,4,12,107,112
2021-01-26,8,18,2,14,4,1,18,6,58,2,15,7,0,1,6,27,92,5,80,9,5,3,4,1,0,10,7,10,33,10,0,0,2,10,3,8,0,28,0,5,1,1,110,1,21,2,1,0,8,4,8,4,13,10,2,4,3,10,0,6,0,1,12,8,2,6,4,63,6,113,11,4,17,19,2,23,89,58
2021-01-27,14,10,9,14,13,0,16,4,23,1,9,4,4,1,6,49,44,3,83,2,1,0,15,0,4,6,6,4,48,11,0,0,2,2,1,0,1,13,3,7,14,0,44,3,5,12,9,26,6,8,14,2,12,6,18,4,7,3,8,29,0,4,10,17,0,10,2,13,6,270,9,5,7,21,1,12,109,54
2021-01-28,20,6,0,5,3,0,9,2,34,6,8,25,1,1,3,39,125,4,75,3,2,3,10,6,7,16,0,10,6,7,1,0,2,25,9,3,1,11,3,0,13,2,44,1,3,2,7,12,7,0,15,2,29,2,1,13,14,0,6,9,2,1,11,5,5,23,1,71,2,139,13,4,13,24,1,7,76,37
2021-01-29,4,17,0,6,5,0,20,1,51,2,8,7,0,2,4,63,106,11,49,3,3,1,10,1,3,3,5,1,46,4,17,1,11,3,1,4,9,18,7,2,3,15,78,1,25,6,4,4,13,9,15,11,10,4,0,7,1,1,1,11,4,3,10,19,1,9,1,39,4,412,10,5,10,17,0,9,149,208
2021-01-30,15,6,1,4,3,0,0,0,22,2,3,0,0,2,0,22,21,1,12,1,1,0,1,0,0,5,0,2,10,0,0,0,3,13,3,5,0,4,0,0,7,0,23,0,3,2,2,4,0,0,1,1,27,0,1,0,3,1,0,1,0,2,4,8,0,8,0,1,3,188,2,11,9,4,0,3,179,101
2021-01-31,22,8,0,7,7,0,12,0,82,3,5,10,8,1,7,85,48,11,6,0,3,2,9,1,2,5,11,10,59,11,2,2,3,0,8,3,2,10,0,6,10,0,24,0,25,3,0,8,11,2,1,2,12,0,6,9,7,4,0,0,8,3,16,4,4,20,3,50,3,134,22,0,5,16,2,0,80,85
2021-02-01,6,18,0,21,7,0,0,3,21,7,6,10,0,1,9,109,72,3,47,5,11,0,0,3,10,5,12,6,22,5,3,1,0,10,1,6,2,19,5,16,1,2,47,1,13,5,7,6,9,0,25,25,16,6,3,14,1,12,9,3,2,9,4,16,9,29,5,56,4,82,10,6,12,12,5,5,56,83
2021-02-02,27,6,6,4,4,0,18,1,70,6,13,8,5,3,2,95,96,2,133,5,4,3,6,0,15,1,7,8,51,10,1,2,5,14,8,8,1,11,2,10,15,2,67,0,12,1,4,2,1,3,7,6,34,15,1,9,12,2,1,4,8,0,13,5,2,20,2,63,6,139,9,3,11,37,0,7,101,61
2021-02-03,16,9,2,5,7,1,9,7,52,4,9,8,3,1,3,54,63,8,37,4,1,0,11,0,16,20,8,1,61,9,4,1,1,8,5,9,0,19,7,1,6,0,74,2,20,1,2,4,1,2,13,2,14,2,9,7,7,2,0,4,2,2,0,9,6,20,0,20,1,131,7,7,28,26,4,1,83,60
2021-02-04,49,15,1,8,2,5,17,2,56,8,5,11,5,1,1,124,73,8,30,1,2,0,9,0,19,9,6,9,21,11,1,3,14,0,2,12,4,7,6,11,3,7,23,2,14,0,2,22,12,3,16,8,10,6,0,7,7,4,9,10,1,2,3,1,2,15,8,64,4,298,27,11,8,7,2,2,196,75
2021-02-05,10,9,0,3,5,2,14,1,75,2,10,7,0,1,11,102,95,46,38,8,3,1,3,1,30,7,6,0,49,16,7,0,6,14,5,7,2,11,5,5,8,1,32,0,19,2,10,1,8,0,17,4,23,7,4,10,3,1,0,1,1,0,13,21,8,35,0,81,4,187,13,5,28,17,9,17,252,68
2021-02-06,24,5,0,12,0,0,19,0,32,0,4,11,5,0,1,87,69,2,12,3,0,0,15,2,2,3,5,7,34,7,3,1,11,21,12,13,2,14,0,2,13,2,114,1,12,8,0,11,4,2,6,6,12,1,6,1,3,1,3,0,3,1,13,2,1,18,0,59,1,147,4,4,7,12,6,0,186,86
2021-02-07,32,3,0,2,2,0,19,0,58,6,2,2,2,1,14,105,57,6,9,4,1,0,4,0,1,31,3,7,48,9,2,1,6,0,10,8,3,2,0,9,10,0,4,0,11,1,0,0,14,0,8,6,1,0,12,5,4,1,2,1,8,5,16,22,0,13,1,53,0,80,9,5,18,33,1,0,123,65
2021-02-08,1,4,0,5,1,2,12,0,62,1,3,10,2,3,0,41,30,14,25,8,8,1,1,1,9,0,4,1,37,4,3,0,9,1,3,1,6,3,8,1,7,6,14,3,28,1,0,6,2,3,7,1,21,4,2,7,5,0,3,0,3,0,4,8,3,19,1,35,3,60,0,0,4,6,5,3,34,66
2021-02-09,13,5,0,6,7,0,5,1,39,1,8,20,2,2,3,37,65,4,81,10,2,2,2,1,9,5,6,1,19,4,3,0,4,1,1,10,1,12,7,3,1,0,43,1,10,9,5,12,1,7,15,3,30,3,8,5,3,2,2,7,1,1,10,4,3,19,2,65,5,212,4,1,19,5,1,4,140,61
2021-02-10,34,3,3,11,11,0,16,1,73,5,6,28,6,2,9,89,160,8,35,10,4,1,19,1,3,17,11,6,45,10,3,1,5,11,0,4,9,1,13,6,4,4,60,3,13,3,1,10,9,5,18,2,12,0,13,5,13,3,5,2,9,0,5,9,3,15,4,31,2,230,17,2,16,36,3,2,185,137
2021-02-11,16,11,2,7,4,0,8,0,117,1,11,28,0,1,12,144,68,10,29,1,1,1,14,2,5,7,4,7,86,17,6,1,9,1,13,8,2,15,13,12,10,2,70,4,18,7,5,3,6,0,20,4,7,2,5,3,10,0,7,8,2,0,13,9,0,25,4,41,5,225,8,15,25,13,3,2,151,90
2021-02-12,27,6,2,2,9,0,17,1,80,0,6,29,10,1,1,134,66,10,55,1,1,1,1,2,3,14,8,13,69,14,1,0,8,4,6,8,11,9,0,4,6,0,33,0,11,3,11,7,10,9,17,1,14,1,3,3,2,1,3,11,8,0,4,2,3,17,0,20,7,252,7,4,1,26,3,22,143,188
2021-02-13,13,8,2,0,8,0,4,0,38,6,1,4,0,1,20,97,33,6,14,0,1,1,8,0,5,11,1,2,31,7,0,0,11,5,1,2,2,9,12,0,1,10,21,0,9,9,1,9,10,0,1,0,8,0,8,0,10,0,1,2,2,1,8,10,1,9,0,32,1,80,10,10,16,4,11,1,75,114
2021-02-14,9,8,0,7,0,0,9,0,37,0,4,0,5,0,1,28,56,1,11,0,0,0,3,1,1,0,2,7,7,6,0,1,6,0,12,1,0,5,6,9,9,0,39,0,11,0,0,7,1,2,5,7,10,1,2,0,2,0,8,0,2,1,8,1,1,10,2,0,0,93,0,1,1,18,3,0,81,41
2021-02-15,1,0,0,0,0,0,5,0,28,0,0,0,0,0,1,13,62,0,13,5,0,0,6,0,1,1,0,2,27,4,0,0,0,0,1,0,2,0,1,0,0,5,48,0,13,0,0,0,3,0,0,0,0,0,0,0,2,4,0,0,0,0,2,9,0,0,2,1,0,125,3,5,0,9,0,0,58,11
2021-02-16,6,1,0,1,0,0,10,0,21,0,1,0,0,1,1,3,36,0,10,0,1,0,21,0,1,2,0,2,24,5,0,3,1,0,0,1,0,0,1,0,0,0,3,0,3,1,0,0,2,0,0,0,0,1,0,1,0,1,0,0,0,2,1,3,0,8,0,17,1,165,0,3,0,7,1,0,30,9
2021-02-17,29,18,0,6,1,0,8,0,39,1,3,4,1,0,3,36,39,4,44,1,4,0,15,0,2,2,2,1,25,26,4,0,0,0,3,7,0,4,6,3,9,0,51,0,2,2,4,1,2,2,14,0,5,1,4,0,12,1,0,0,0,1,6,1,4,21,0,13,3,166,5,1,10,6,1,7,58,96
2021-02-18,21,13,2,9,0,6,1,1,32,13,17,21,1,0,0,64,58,20,61,5,2,0,9,2,6,12,4,7,10,4,2,0,1,5,1,4,2,8,0,10,4,1,55,9,15,4,4,9,5,2,4,1,26,1,4,7,1,1,4,6,3,3,27,18,7,10,1,59,5,54,8,7,9,18,1,21,91,81
2021-02-19,11,16,0,7,16,16,39,2,33,1,14,30,0,0,8,158,50,10,63,7,6,0,8,0,3,11,6,1,147,22,13,0,7,3,3,3,3,7,6,11,3,1,16,0,18,8,16,11,10,3,10,3,18,4,2,22,15,1,14,10,12,3,3,21,1,40,4,46,6,278,20,9,15,31,3,6,176,178
2021-02-20,3,5,0,4,0,0,22,0,20,0,5,0,1,0,10,109,79,8,23,2,0,0,11,0,1,10,0,10,18,29,0,1,7,1,5,3,9,3,6,3,1,0,107,0,6,0,0,4,4,0,2,1,25,1,4,1,3,0,0,0,3,0,15,4,4,35,4,9,0,124,6,2,2,11,11,0,64,297
2021-02-21,12,12,0,0,7,1,8,0,38,5,7,0,11,0,0,32,39,0,12,2,2,0,2,1,1,0,1,0,36,17,3,0,4,0,1,4,1,1,5,0,3,5,21,0,22,6,0,6,0,1,2,0,1,0,5,4,9,2,1,4,0,7,23,26,0,4,0,18,0,63,6,8,4,7,7,0,72,498
2021-02-22,6,18,0,4,8,1,5,0,31,2,8,7,0,0,1,39,56,2,65,16,4,1,6,3,6,3,4,0,44,9,1,0,2,7,2,3,3,8,10,3,2,0,161,1,6,0,12,4,4,4,1,2,8,4,0,9,5,1,0,7,0,3,33,7,5,17,1,24,5,126,3,3,4,18,2,4,189,174
2021-02-23,11,19,2,1,19,0,45,0,22,2,3,0,10,0,5,187,93,8,48,7,1,1,12,0,7,11,6,6,27,13,0,0,5,2,0,4,3,7,10,7,0,1,44,3,7,13,33,8,6,0,2,6,30,8,2,9,18,2,2,1,11,1,10,20,2,20,1,25,4,172,3,2,12,22,7,8,67,51
2021-02-24,31,20,1,5,5,0,36,0,21,5,5,10,18,5,5,115,69,15,68,7,3,0,4,2,0,0,11,7,73,40,5,1,2,3,12,6,13,7,15,4,6,0,133,4,5,0,17,9,12,0,10,8,18,4,6,8,8,0,13,4,2,4,18,8,1,32,10,38,3,195,17,5,3,12,14,10,88,92
2021-02-25,24,26,0,7,4,7,33,0,22,1,1,9,0,1,25,144,114,20,39,0,3,0,24,2,3,4,7,3,49,38,2,0,11,8,3,3,2,6,17,1,10,6,32,2,28,7,12,5,2,0,10,1,17,4,5,8,15,3,0,13,5,8,51,26,12,16,0,48,0,87,7,10,7,30,4,9,148,64
2021-02-26,11,19,4,8,5,0,6,0,13,5,5,23,11,0,3,81,97,9,30,1,3,0,5,1,4,21,9,3,50,13,0,0,9,1,5,18,8,7,21,1,3,3,61,1,6,3,3,20,2,0,10,3,3,1,4,7,30,1,3,7,6,4,13,6,4,24,1,42,2,213,2,1,9,5,24,5,97,53
2021-02-27,5,11,1,5,2,0,9,0,56,5,9,33,0,1,0,64,20,19,7,0,0,1,12,2,0,16,1,1,39,10,3,2,7,7,3,6,1,6,18,2,6,1,83,0,12,8,1,4,9,2,8,12,17,8,5,4,5,1,10,3,3,1,37,29,2,29,6,14,3,116,10,0,6,8,2,0,63,150
2021-02-28,15,10,0,0,7,0,29,0,7,0,1,0,13,1,18,17,28,1,9,0,2,0,9,1,2,7,0,0,24,8,0,0,26,0,2,0,4,2,16,0,8,1,34,0,2,6,0,2,0,0,0,2,9,0,1,0,10,0,0,1,3,7,0,10,1,2,0,39,0,72,0,9,5,18,3,0,81,494
2021-03-01,2,7,0,2,0,1,18,0,39,8,14,12,5,2,1,78,124,5,55,6,0,4,5,3,9,2,4,3,54,14,1,0,3,1,0,13,18,4,5,0,3,1,26,1,8,2,5,1,7,1,8,1,4,6,6,3,3,1,1,2,5,1,43,9,3,2,1,21,8,190,4,2,3,16,8,1,82,149
2021-03-02,19,12,6,6,3,0,1,2,13,1,25,13,0,0,2,29,81,3,76,3,1,0,5,5,2,6,3,2,27,25,0,0,0,6,3,19,9,10,5,7,6,1,45,0,10,3,15,4,0,1,8,9,16,3,3,3,7,1,13,1,2,1,33,6,2,16,4,22,2,133,3,0,5,14,5,13,112,94
,,,,,,,,,,,,,,,,,,,,,,,,,,,,,,,,,,,,,,,,,,,,,,,,,,,,,,,,,,,,,,,,,,,,,,,,,,,,,,
