,Angra dos Reis,Aperibé,Araruama,Areal,Armação dos Búzios,Arraial do Cabo,Barra do Piraí,Barra Mansa,Belford Roxo,Bom Jardim,Bom Jesus do Itabapoana,Cabo Frio,Cachoeiras de Macacu,Cambuci,Carapebus,Comendador Levy Gasparian,Campos dos Goytacazes,Cantagalo,Cardoso Moreira,Carmo,Casimiro de Abreu,Conceição de Macabu,Cordeiro,Duas Barras,Duque de Caxias,Engenheiro Paulo de Frontin,Guapimirim,Iguaba Grande,Itaboraí,Itaguaí,Italva,Itaocara,Itaperuna,Itatiaia,Japeri,Laje do Muriaé,Macaé,Macuco,Magé,Mangaratiba,Maricá,Mendes,Mesquita,Miguel Pereira,Miracema,Natividade,Nilópolis,Niterói,Nova Friburgo,Nova Iguaçu,Paracambi,Paraíba do Sul,Paraty,Paty do Alferes,Petrópolis,Pinheiral,Piraí,Porciúncula,Porto Real,Quatis,Queimados,Quissamã,Resende,Rio Bonito,Rio Claro,Rio das Flores,Rio das Ostras,Rio de Janeiro,Santa Maria Madalena,Santo Antônio de Pádua,São Francisco de Itabapoana,São Fidélis,São Gonçalo,São João da Barra,São João de Meriti,São José de Ubá,São José do Vale do Rio Preto,São Pedro da Aldeia,São Sebastião do Alto,Sapucaia,Saquarema,Seropédica,Silva Jardim,Sumidouro,Tanguá,Teresópolis,Trajano de Moraes,Três Rios,Valença,Varre-Sai,Vassouras,Volta Redonda
2020-03-27,0,0,0,0,0,0,0,0,0,0,0,0,0,0,0,0,0,0,0,0,0,0,0,0,0,0,0,0,0,0,0,0,0,0,0,0,0,0,0,0,0,0,0,0,0,0,0,0,0,0,0,0,0,0,0,0,0,0,0,0,0,0,0,0,0,0,0,0,0,0,0,0,0,0,0,0,0,0,0,0,0,0,0,0,0,0,0,0,0,0,0,0
2020-03-28,0,0,0,0,0,0,0,1,1,0,0,0,0,0,0,0,1,0,0,0,0,0,0,0,3,0,1,0,2,0,0,0,0,0,0,0,0,0,0,1,0,0,0,1,0,0,0,37,0,1,0,0,0,0,3,0,0,0,0,0,0,0,1,0,0,0,0,489,0,0,0,0,4,0,0,0,0,0,0,0,0,0,0,0,0,0,0,0,1,0,0,11
2020-03-29,0,0,0,0,0,0,0,0,1,0,0,0,0,0,0,0,0,0,0,0,0,0,0,0,2,0,0,0,1,0,0,0,0,0,0,0,0,0,0,0,1,0,0,0,0,0,0,2,0,2,0,0,0,0,1,0,0,0,0,0,0,0,0,0,0,0,2,27,0,0,0,0,2,0,0,0,0,0,0,0,0,1,0,0,0,0,0,0,0,0,0,0
2020-03-30,1,0,0,0,0,0,0,0,0,0,0,0,0,0,0,0,0,0,0,0,0,0,0,0,0,0,0,0,0,0,0,0,0,0,0,0,0,0,0,0,0,0,0,0,0,0,0,8,0,4,0,0,0,0,0,0,0,0,0,0,1,0,1,2,0,0,0,37,0,0,0,0,1,0,1,0,0,0,0,0,0,0,0,0,0,1,0,0,0,0,0,0
2020-03-31,0,0,0,0,0,0,0,1,0,0,0,0,0,0,0,0,0,0,0,0,0,0,0,0,0,0,0,0,0,0,0,0,0,0,0,0,1,0,0,0,1,0,0,0,0,0,0,10,0,0,0,0,0,0,1,0,0,0,0,0,0,0,0,0,0,0,0,33,0,0,0,0,2,0,0,0,0,1,0,0,0,0,0,0,0,0,0,0,0,0,0,1
2020-04-01,0,0,0,0,0,1,0,0,1,0,0,0,0,0,0,0,0,0,0,0,0,0,0,0,1,0,0,0,1,0,0,0,0,0,0,0,0,0,0,0,0,0,0,0,0,0,0,5,0,0,0,0,0,0,0,0,0,0,0,0,0,0,0,0,0,0,1,111,0,0,0,0,2,0,1,0,0,0,0,0,0,0,0,0,0,0,0,0,0,0,0,0
2020-04-02,0,0,0,0,0,0,0,0,0,0,0,0,0,0,0,0,0,0,0,0,0,0,0,0,3,0,0,0,2,1,0,0,0,0,0,0,0,0,3,0,1,0,1,0,0,0,0,1,0,1,0,0,0,0,8,0,0,0,0,0,0,0,0,0,0,0,0,101,0,0,0,0,1,0,1,0,0,0,0,0,0,0,0,0,0,0,0,0,0,0,0,30
2020-04-03,0,0,1,0,0,0,2,1,0,0,0,0,0,0,0,0,0,0,0,0,0,0,0,0,0,0,0,1,0,1,0,0,0,0,0,0,1,0,1,0,2,0,1,0,0,0,1,2,0,3,0,0,0,0,0,0,0,1,0,0,1,0,0,0,0,0,0,69,0,0,0,0,0,0,0,0,0,0,0,0,0,0,0,0,0,0,0,1,0,0,0,2
2020-04-04,1,0,0,0,0,0,0,0,4,0,0,0,0,0,0,0,0,0,0,0,0,0,0,0,4,0,1,0,7,0,0,0,0,0,0,0,4,0,1,1,2,0,1,0,0,0,0,14,1,8,0,2,0,0,0,0,0,0,0,0,0,0,0,0,0,0,0,115,0,0,0,0,0,0,1,0,0,0,0,0,0,0,0,0,0,3,0,0,1,0,0,1
2020-04-05,1,0,0,0,0,0,0,0,8,0,0,0,0,0,0,0,1,0,0,0,0,0,0,0,7,0,0,0,1,0,0,0,1,0,0,0,0,0,0,0,1,0,4,0,0,0,3,8,1,10,0,0,0,0,0,0,0,0,0,0,0,0,0,0,0,0,0,86,0,0,0,0,3,1,6,0,0,1,0,0,0,0,0,0,1,3,1,0,0,0,0,0
2020-04-06,0,0,0,0,0,0,0,0,1,0,0,0,0,0,0,0,0,0,0,0,0,0,0,0,1,0,0,0,1,1,0,0,1,0,0,0,0,0,0,0,0,0,1,0,0,0,0,5,2,0,0,0,0,0,3,0,0,0,0,0,2,0,1,0,0,0,0,42,0,0,0,0,0,0,0,0,0,0,0,0,0,0,0,0,0,0,1,0,0,0,0,10
2020-04-07,1,0,0,0,0,0,1,5,5,1,0,1,0,0,0,0,1,0,0,0,3,0,0,0,12,0,1,2,2,0,0,0,0,0,1,0,0,0,2,0,1,0,1,0,0,0,5,2,3,9,0,1,0,0,4,0,0,0,1,2,1,0,1,1,0,0,0,141,0,0,0,0,9,0,2,0,0,1,0,1,0,1,0,0,0,0,0,0,0,0,0,3
2020-04-08,0,0,0,0,0,0,0,0,4,0,0,2,0,0,0,0,1,0,0,0,0,0,0,0,5,0,0,0,0,0,0,0,0,0,0,0,0,0,0,0,1,0,2,0,0,0,1,12,0,12,0,0,0,0,2,0,0,0,0,0,0,0,0,0,0,1,0,198,0,0,0,0,4,0,5,0,0,0,0,0,0,0,0,0,0,0,0,0,0,0,0,0
2020-04-09,0,0,2,0,0,0,0,0,5,1,0,1,0,0,0,0,0,1,0,0,0,0,0,0,10,0,0,0,5,3,0,0,0,0,2,0,0,0,2,0,2,0,10,0,0,0,2,11,6,7,0,0,1,2,0,0,0,0,0,0,2,0,1,0,0,0,0,184,0,0,0,0,5,0,6,0,0,0,0,0,0,1,0,1,0,0,0,0,0,0,0,5
2020-04-10,0,0,0,0,0,0,0,3,0,0,3,0,1,0,0,0,0,0,0,0,0,0,0,0,14,0,0,0,0,2,0,0,0,1,0,0,0,0,2,1,3,0,4,1,0,0,1,0,0,11,1,0,0,0,4,0,0,0,1,0,1,0,1,1,0,0,2,175,0,0,1,0,4,0,2,0,0,1,0,0,0,1,0,0,1,1,0,0,0,0,0,8
2020-04-11,0,0,0,0,0,0,0,0,1,0,0,0,0,0,0,0,0,0,0,0,0,0,0,0,0,0,0,0,0,0,0,0,0,0,0,0,0,0,0,0,0,0,0,0,0,0,1,3,0,5,0,0,0,0,1,0,0,0,0,0,2,0,0,1,0,0,0,97,0,0,0,0,29,0,3,0,0,0,0,0,0,0,0,0,0,0,0,0,0,0,0,0
2020-04-12,1,0,0,0,0,0,3,0,17,0,0,3,1,0,0,0,0,0,0,0,1,0,0,0,19,0,0,1,4,1,0,0,0,0,0,0,0,0,9,0,3,0,7,0,0,0,6,0,2,15,0,0,0,0,1,0,1,0,1,0,1,0,0,0,0,0,1,91,0,0,0,2,12,0,6,0,0,0,0,0,2,0,0,0,1,0,0,0,0,0,0,36
2020-04-13,3,0,0,0,0,0,0,1,1,0,0,0,0,0,0,0,1,0,0,0,0,0,0,0,2,0,0,0,0,0,0,0,0,0,0,0,0,0,0,0,4,0,0,0,0,0,0,4,1,8,0,0,0,0,0,0,0,0,0,0,0,0,0,0,0,0,0,326,0,0,0,1,3,0,2,0,0,1,0,1,0,0,0,0,1,1,0,0,0,0,0,5
2020-04-14,0,0,3,0,1,1,3,1,5,0,0,0,1,0,0,0,0,0,0,0,1,0,0,0,11,0,0,1,4,0,0,0,0,0,0,0,0,0,1,1,2,0,2,0,0,0,2,24,1,26,0,0,0,0,0,0,1,0,1,0,2,0,1,0,0,0,1,71,0,0,0,0,9,0,9,0,0,1,0,0,0,0,0,0,1,2,0,0,0,0,0,1
2020-04-15,0,0,4,1,0,1,2,0,2,0,1,1,0,0,1,0,0,0,0,0,0,0,0,0,27,0,0,0,3,1,0,0,1,0,1,0,1,0,7,1,11,1,18,0,0,0,2,19,4,28,2,0,2,0,14,0,0,0,0,0,2,2,0,0,0,0,1,126,0,0,0,0,5,0,22,0,0,1,0,1,0,0,1,0,0,3,0,4,0,0,0,9
2020-04-16,0,0,0,0,0,0,0,0,0,0,1,0,0,0,0,0,1,0,0,0,1,0,0,0,4,0,0,0,0,0,0,0,0,0,0,0,13,0,0,0,0,0,1,1,0,0,0,0,2,0,5,0,0,0,24,0,0,0,0,0,0,1,0,0,0,0,3,140,0,0,1,0,2,0,1,0,0,1,0,0,0,0,0,0,0,0,0,0,0,0,0,1
2020-04-17,0,0,1,0,0,0,0,0,4,0,0,0,0,0,0,0,0,0,0,0,0,0,0,0,16,0,0,1,2,1,0,0,0,0,1,0,1,0,5,0,0,0,2,2,0,0,1,18,3,9,0,0,1,0,1,0,0,0,0,0,1,0,0,2,0,0,2,287,0,0,0,0,5,0,8,0,0,3,0,0,0,0,0,0,0,2,0,0,0,0,0,26
2020-04-18,0,0,1,0,0,0,1,1,5,2,0,1,0,0,0,0,1,0,0,0,3,0,0,0,29,0,0,0,1,0,0,0,0,0,0,0,0,0,0,0,0,0,3,0,0,0,0,14,4,1,0,0,0,0,0,1,0,0,0,0,0,0,4,0,0,0,2,113,0,0,0,0,4,0,1,0,0,1,0,0,0,0,0,0,0,0,0,0,0,0,0,1
2020-04-19,0,0,6,0,3,0,2,0,6,0,0,1,1,0,0,0,0,0,0,0,2,0,0,0,12,0,0,0,8,1,0,0,0,0,0,0,2,0,0,0,3,0,3,0,0,0,1,13,1,11,0,0,0,0,0,0,0,0,0,0,1,0,1,1,0,0,2,67,0,0,0,0,1,0,3,0,0,0,0,0,1,0,1,0,0,1,0,0,0,0,0,2
2020-04-20,0,0,1,0,0,0,0,0,6,0,0,2,1,0,0,0,0,0,0,0,2,0,0,0,17,0,0,0,5,0,0,0,0,0,6,0,0,0,2,0,1,0,3,0,0,0,4,2,3,19,0,0,0,0,4,0,1,0,1,0,2,0,1,0,0,0,3,117,0,1,0,0,5,0,9,0,0,0,0,0,1,0,0,0,1,4,0,0,0,0,0,0
2020-04-21,0,0,0,0,0,0,2,1,3,0,0,0,0,0,0,0,0,0,0,0,0,0,0,0,6,0,0,0,1,4,0,0,0,0,0,0,0,0,0,0,0,0,6,0,0,0,1,19,0,6,0,0,0,0,0,0,0,0,0,0,2,0,0,3,0,0,0,344,0,0,0,0,2,0,3,0,0,0,0,0,1,0,0,0,2,0,0,0,0,0,0,1
2020-04-22,1,0,0,0,0,0,1,2,6,0,1,0,0,0,0,0,0,0,0,0,0,2,0,0,12,0,1,5,7,2,0,0,0,1,2,0,2,0,3,0,1,0,5,0,0,0,3,6,0,28,0,0,0,0,3,0,0,0,0,0,13,0,0,1,0,0,8,69,0,0,0,0,10,0,14,0,0,0,0,0,0,0,0,0,1,3,0,0,2,0,0,27
2020-04-23,2,1,0,0,2,1,1,0,20,0,0,11,2,0,0,0,1,0,0,0,0,0,0,0,26,0,1,0,3,3,0,0,0,1,0,0,19,1,14,1,2,0,16,1,0,0,8,0,3,40,2,0,0,0,2,3,0,0,0,1,3,0,2,5,0,1,0,371,0,0,0,0,22,0,10,0,0,3,0,0,0,1,3,1,2,7,0,0,0,0,3,7
2020-04-24,0,0,0,0,4,0,0,0,2,0,0,0,0,0,0,0,0,0,0,0,0,0,0,0,1,0,0,1,1,0,0,0,0,0,1,0,0,1,0,0,1,0,1,0,0,0,0,10,0,2,4,1,0,0,1,0,0,0,0,0,1,0,1,0,0,0,2,64,0,0,0,0,2,0,5,0,0,1,1,0,1,2,1,0,0,1,0,0,0,0,0,0
2020-04-25,0,1,0,0,1,0,2,3,11,0,1,3,2,0,0,0,0,0,0,0,1,0,0,0,34,0,0,0,5,5,0,0,0,0,1,0,0,0,3,0,3,0,10,1,0,0,5,5,8,17,3,1,1,0,0,1,0,0,0,0,2,0,0,2,0,0,0,390,0,0,0,0,12,0,7,0,0,0,0,0,0,1,0,0,0,0,0,3,1,0,0,0
2020-04-26,0,0,11,1,0,1,1,5,29,1,0,1,1,0,0,0,0,0,0,0,7,0,1,0,22,0,0,3,15,2,0,0,0,0,8,0,1,0,11,0,8,0,32,0,0,0,3,6,0,27,0,0,0,0,3,0,0,0,0,0,6,0,0,2,0,0,2,17,1,0,0,1,25,0,8,1,0,1,0,5,1,1,0,0,0,4,0,0,0,0,0,8
2020-04-27,0,0,0,0,0,0,0,0,3,0,0,1,0,0,0,0,1,0,0,0,0,0,0,0,19,0,0,0,0,0,1,0,0,0,0,0,0,0,7,0,0,0,1,0,0,0,1,6,0,2,0,0,0,0,1,0,0,0,0,0,0,0,0,3,0,0,3,763,0,0,0,0,12,0,6,0,1,0,0,1,1,0,0,0,0,0,0,0,0,0,0,0
2020-04-28,28,0,1,1,6,0,1,1,9,0,3,3,2,0,0,0,44,0,0,0,1,0,0,0,18,0,1,0,9,6,1,0,0,0,1,0,1,0,2,0,2,0,9,0,0,0,3,16,2,15,1,0,1,1,0,0,0,0,0,0,3,2,0,0,0,0,7,293,0,0,0,1,23,0,6,2,0,0,1,1,1,0,0,0,3,5,0,10,2,0,2,13
2020-04-29,0,0,2,0,2,0,0,0,2,0,0,7,0,0,0,0,6,0,0,0,0,0,0,0,20,0,2,0,118,1,0,0,0,0,0,0,0,0,0,0,2,0,3,0,0,0,5,0,3,12,2,0,0,0,3,1,0,0,0,0,1,0,1,0,0,0,0,135,0,1,9,0,13,0,4,0,0,0,0,0,4,1,0,0,0,0,0,0,1,0,0,8
2020-04-30,8,0,0,0,0,1,0,3,5,0,0,5,0,0,4,0,1,0,0,0,1,0,0,0,38,0,0,0,7,10,0,0,0,0,7,0,2,0,13,1,8,2,9,1,1,0,12,62,3,33,4,0,1,0,7,2,2,0,0,0,2,0,4,1,0,1,1,214,0,0,0,0,19,1,32,0,0,5,0,0,5,0,0,0,0,3,0,0,1,0,1,45
2020-05-01,1,0,2,0,0,2,1,5,13,3,2,6,6,0,0,0,5,0,0,0,0,0,0,0,42,0,3,3,16,3,1,2,0,0,1,0,3,0,25,0,9,0,10,0,0,0,11,62,6,31,6,5,0,1,3,0,0,0,0,0,6,0,4,3,0,0,5,286,0,1,0,0,29,15,17,0,0,2,0,9,19,1,1,0,1,4,0,2,1,0,2,16
2020-05-02,5,0,0,0,1,0,0,0,1,0,0,3,0,0,0,0,5,0,0,1,2,0,0,0,21,0,0,0,1,3,0,0,0,0,1,0,1,0,0,1,5,0,5,0,0,0,7,4,1,12,0,0,0,1,1,0,0,0,0,0,2,0,0,0,0,0,2,259,0,1,0,0,12,0,11,0,1,0,0,0,1,1,1,0,0,4,0,1,0,0,0,2
2020-05-03,3,0,0,0,1,0,2,3,14,0,1,1,0,0,1,0,0,0,0,0,0,0,1,0,26,0,2,0,2,3,0,1,0,0,4,0,1,0,6,1,12,3,6,1,0,0,4,12,2,20,6,0,0,0,8,0,0,0,0,0,11,0,2,3,0,1,0,302,0,0,0,0,34,0,13,0,0,1,0,0,2,0,0,0,1,8,0,1,0,0,1,68
2020-05-04,0,1,0,0,0,0,0,6,2,0,0,0,0,0,0,0,0,0,0,0,0,0,0,0,2,0,0,0,2,0,0,1,0,0,0,0,1,0,1,4,0,0,3,0,0,0,0,14,0,3,0,0,0,0,1,0,0,0,0,0,1,0,0,0,0,1,0,533,0,0,0,0,1,0,3,0,0,0,0,0,0,0,0,0,0,0,0,0,0,0,0,2
2020-05-05,2,0,0,0,0,0,0,5,5,0,0,2,1,0,0,0,5,0,0,0,0,0,0,0,16,1,0,0,2,1,0,0,0,0,0,0,0,0,2,0,1,0,2,0,0,0,10,22,1,5,0,1,0,0,0,1,0,0,0,0,2,0,0,0,0,1,0,549,0,0,0,0,5,0,11,0,0,0,0,0,1,0,0,0,0,1,0,0,1,0,0,15
2020-05-06,0,0,1,0,1,0,0,1,4,1,0,2,0,0,0,0,0,0,0,0,1,0,0,0,21,0,0,3,2,1,0,0,0,1,0,0,0,0,12,0,4,0,5,0,1,0,3,42,1,15,4,0,0,0,0,0,0,0,0,0,0,0,0,0,0,0,3,745,0,0,0,0,10,4,5,0,0,0,0,0,2,0,0,0,0,7,0,1,1,0,0,1
2020-05-07,10,0,9,0,2,1,2,0,23,0,0,7,8,0,0,0,3,0,0,0,1,0,0,0,44,0,6,1,20,5,0,1,0,0,2,0,3,0,8,2,3,0,12,0,0,0,9,24,3,36,16,2,3,0,10,7,0,1,0,0,4,0,1,1,0,0,0,474,0,0,0,0,33,0,23,0,0,3,0,0,2,4,2,2,3,0,0,7,5,0,0,13
2020-05-08,43,1,2,2,5,4,11,22,40,0,4,36,5,0,0,0,62,1,1,2,3,2,2,0,117,1,4,1,6,2,2,2,12,0,8,0,50,2,48,3,11,1,15,0,4,2,16,106,1,80,15,2,0,0,33,1,4,1,0,1,28,2,8,3,0,1,17,621,2,4,2,19,49,1,39,1,1,4,1,0,2,0,1,3,1,9,0,0,2,0,1,13
2020-05-09,7,1,9,0,1,2,1,1,26,0,0,8,8,0,0,0,4,0,0,0,0,0,0,0,49,0,6,1,21,8,0,2,0,0,2,0,3,1,6,2,2,1,11,0,0,0,14,1,3,36,16,2,4,0,11,1,0,1,0,0,5,0,1,0,0,0,1,807,0,0,0,0,30,0,30,0,0,4,1,0,2,5,4,2,3,2,0,12,4,0,0,14
2020-05-10,2,3,7,1,0,1,3,3,11,0,1,5,8,0,0,0,14,0,0,1,0,0,0,0,31,1,5,3,5,0,0,1,0,5,2,0,0,0,2,1,1,3,5,1,0,0,7,127,18,19,16,2,38,0,6,2,3,1,1,0,5,0,29,2,0,0,1,41,0,0,0,7,11,0,11,0,2,1,0,1,4,3,2,2,3,1,0,12,1,0,0,0
2020-05-11,7,0,10,1,2,5,2,9,26,1,8,15,3,0,0,0,2,0,0,0,0,0,0,0,94,0,2,8,26,10,0,2,1,1,13,1,1,1,25,2,23,2,64,1,0,0,24,23,5,77,6,2,0,1,25,0,0,0,1,0,9,3,3,3,0,1,3,99,0,0,0,0,97,0,68,3,1,5,0,3,5,5,4,1,3,19,0,0,2,0,1,7
2020-05-12,4,0,8,0,1,1,1,0,16,0,0,7,8,0,0,0,2,0,0,0,0,0,0,0,59,0,5,0,21,4,0,0,0,1,6,0,3,0,6,3,5,1,13,0,1,0,9,0,2,28,16,2,3,0,4,0,0,1,0,0,6,0,1,1,0,1,0,197,0,0,0,0,33,0,19,0,0,3,0,0,3,3,1,1,3,5,0,12,5,0,0,14
2020-05-13,0,0,0,0,0,0,0,0,0,0,0,0,2,0,1,0,0,0,0,0,0,0,0,0,6,0,0,0,2,1,0,0,0,0,0,0,0,0,0,0,0,0,0,0,0,0,2,0,0,2,1,0,0,0,2,0,0,0,0,0,1,0,2,0,0,0,0,210,0,0,0,0,3,0,2,0,0,0,0,2,1,0,0,0,0,0,0,0,0,0,0,2
2020-05-14,5,0,8,0,5,1,5,0,41,1,0,8,7,1,1,0,3,2,0,0,6,0,1,0,48,0,1,1,18,14,0,2,1,0,3,1,2,0,9,0,20,2,26,1,0,0,11,0,5,52,5,4,0,2,23,2,2,0,0,0,3,3,2,6,0,0,0,238,0,0,0,1,39,1,49,0,3,3,0,0,1,1,1,0,5,8,0,0,2,0,0,23
2020-05-15,2,0,0,0,0,0,0,6,3,0,0,1,1,0,0,0,2,0,0,0,0,0,0,0,2,1,0,0,3,1,0,1,0,0,0,0,0,0,7,0,0,0,13,0,0,0,1,11,0,4,0,0,0,0,2,0,1,0,0,0,1,0,0,0,0,0,0,451,0,0,0,0,2,0,4,0,0,0,0,0,0,0,0,0,0,0,0,0,0,0,0,0
2020-05-16,227,3,1,0,3,0,13,0,3,0,6,0,1,1,0,0,20,0,0,0,3,1,0,0,7,3,1,0,18,7,0,0,6,0,0,0,0,0,6,0,16,0,1,0,0,0,4,398,5,7,29,1,8,0,5,8,16,1,0,0,0,1,35,0,8,0,19,580,0,0,5,0,16,14,0,0,0,0,0,0,14,2,0,0,8,76,1,0,0,0,4,2
2020-05-17,0,0,1,0,0,0,1,0,2,0,0,0,0,0,0,0,0,0,0,0,0,0,0,0,1,0,0,0,1,0,0,0,0,0,0,0,0,0,0,0,0,0,0,0,0,0,0,0,0,5,0,0,0,0,0,0,0,0,0,0,1,0,0,0,0,0,0,626,0,0,0,0,0,0,1,0,0,0,0,0,0,0,0,0,0,0,0,0,0,0,0,0
2020-05-18,38,0,11,3,2,12,5,34,121,0,12,87,24,13,0,2,181,0,5,8,12,4,2,0,236,1,30,15,156,44,8,15,14,1,11,1,76,2,101,17,26,1,72,0,9,5,50,780,10,402,17,32,6,2,61,0,18,7,0,0,258,6,9,7,6,0,54,522,0,20,13,62,217,2,132,4,13,42,0,7,7,38,7,0,1,41,1,41,19,1,3,97
2020-05-19,0,0,0,0,0,0,5,1,2,0,0,0,0,0,0,0,4,0,0,0,1,0,0,0,3,0,1,1,3,1,1,0,0,0,0,0,0,0,1,0,0,0,2,0,0,0,1,0,2,4,0,3,1,0,2,0,0,0,0,0,0,0,1,0,0,0,0,1088,1,0,0,0,7,0,4,0,0,0,0,0,0,1,0,0,2,0,2,0,0,0,1,1
2020-05-20,1,0,0,0,0,0,0,0,2,0,0,1,0,0,0,0,0,0,0,0,0,0,0,0,3,0,1,0,2,0,0,0,0,5,0,0,0,0,1,0,0,0,1,0,0,0,4,0,1,7,0,0,0,0,1,0,0,0,0,0,1,0,1,0,0,0,3,2535,0,0,0,0,1,0,2,0,0,0,0,0,0,0,0,0,1,3,0,0,1,0,0,0
2020-05-21,0,0,0,0,0,0,1,0,3,0,0,2,0,0,0,0,0,0,0,0,3,0,0,0,10,0,0,0,2,0,0,0,0,0,1,0,1,1,1,1,0,0,1,0,0,0,0,0,0,6,0,0,0,0,0,0,0,0,0,0,0,0,0,0,0,0,0,1677,0,0,0,0,2,0,2,0,0,0,0,0,0,0,0,0,1,3,0,0,0,0,0,1
2020-05-22,0,0,0,0,0,0,2,0,6,0,0,2,0,0,0,0,2,0,0,0,0,0,0,0,6,0,0,0,1,0,0,0,0,0,0,0,0,0,27,0,1,0,1,0,0,0,1,14,0,6,4,0,0,0,3,0,0,0,0,0,0,0,1,1,0,0,0,1418,0,0,0,0,1,0,3,0,0,0,0,0,0,0,0,0,0,0,0,0,0,0,0,0
2020-05-23,0,0,0,0,0,0,0,1,5,0,0,1,0,0,0,0,0,0,0,0,0,0,0,0,6,0,0,0,3,1,0,0,0,0,1,0,0,0,6,0,1,0,1,0,0,0,1,1,1,11,0,0,0,0,1,0,0,0,0,0,0,0,0,0,0,0,1,882,0,0,0,0,11,1,4,0,0,0,0,0,0,0,0,0,1,3,0,0,0,0,0,0
2020-05-24,225,3,0,6,0,0,26,0,0,4,17,0,0,3,0,1,206,1,4,8,52,3,7,0,1,4,95,0,376,5,9,13,38,0,1,0,0,3,1,37,178,0,0,0,4,5,0,0,0,5,104,64,0,0,0,19,32,10,0,0,439,8,0,1,28,0,82,732,1,23,13,40,2,32,1,0,17,46,4,0,0,72,0,7,0,168,0,67,0,3,20,3
2020-05-25,15,0,3,2,1,1,0,2,42,1,3,19,2,1,2,0,8,0,0,0,0,1,0,0,62,0,19,4,28,6,0,2,4,0,4,0,24,2,44,2,3,0,16,0,0,0,14,58,2,67,0,1,1,2,3,0,2,1,0,0,47,2,0,5,2,0,7,691,0,1,3,9,49,9,40,0,3,4,0,1,0,19,2,1,7,8,0,3,2,0,0,21
2020-05-26,14,0,10,0,0,3,3,4,11,0,0,2,2,1,0,0,28,0,0,0,6,0,1,0,25,1,8,0,14,9,2,3,1,0,2,0,14,0,5,3,7,2,6,0,1,2,6,349,1,24,42,4,2,0,14,0,2,0,0,0,17,2,1,4,3,0,9,824,1,3,2,0,42,4,23,2,0,5,0,0,3,2,2,0,0,5,0,0,3,1,1,23
2020-05-27,22,0,4,0,1,1,5,1,4,0,0,31,29,4,1,0,0,0,7,0,3,0,0,1,22,1,12,5,1,65,16,0,0,0,1,1,399,0,33,27,1,0,2,1,3,1,2,0,22,8,14,0,0,5,38,0,0,0,2,0,2,6,7,15,0,0,1,1460,0,14,0,0,62,1,6,0,11,0,2,0,6,2,3,2,0,3,0,0,7,1,0,2
2020-05-28,9,2,8,0,0,1,17,2,2,1,0,21,5,4,3,0,20,2,1,1,1,1,4,0,2,0,14,2,4,40,2,2,10,1,0,0,56,0,64,3,3,0,4,0,0,1,1,601,20,74,15,7,0,0,7,0,1,0,0,0,2,1,3,18,2,1,3,1224,1,6,0,0,125,5,2,1,3,0,0,0,19,0,5,0,24,11,0,0,2,0,5,4
2020-05-29,24,0,2,0,4,1,1,15,30,1,0,11,6,4,0,7,26,0,0,0,1,24,1,0,67,0,8,5,132,24,3,0,10,0,15,1,38,0,68,4,56,2,53,1,0,0,15,454,11,73,3,2,7,1,9,9,2,1,1,0,77,1,2,24,0,0,29,1337,1,8,3,2,94,4,149,0,3,11,0,2,1,5,2,0,2,19,0,15,2,0,1,56
2020-05-30,204,5,55,0,32,3,20,31,94,7,3,57,10,0,9,4,75,2,1,0,136,3,9,3,120,6,15,9,65,66,11,8,67,3,11,26,48,0,57,8,71,7,23,10,3,2,24,303,69,313,51,4,2,4,70,4,19,10,2,0,15,24,48,74,10,2,97,1170,1,17,3,1,371,11,4,35,10,8,1,4,22,19,42,4,25,72,0,158,8,1,10,36
2020-05-31,2,0,0,0,0,0,2,0,16,0,0,9,0,0,2,0,4,1,0,0,1,1,0,0,24,0,0,0,5,3,1,1,0,0,14,0,69,0,1,1,1,0,31,0,0,0,4,15,0,4,1,2,0,0,1,0,0,0,0,1,2,3,1,1,1,0,1,676,5,0,2,1,3,2,28,0,0,20,0,0,0,0,1,0,1,1,0,0,1,0,2,5
2020-06-01,3,0,0,0,0,0,0,1,13,0,0,2,0,0,1,0,6,0,0,0,1,1,0,0,14,0,1,0,3,4,0,0,0,0,0,4,67,0,2,1,0,0,9,0,0,0,15,21,0,35,2,0,0,0,2,0,0,0,1,1,4,0,0,1,7,0,3,857,0,0,1,2,24,4,16,0,0,0,0,9,0,2,0,0,0,1,0,0,1,0,0,6
2020-06-02,160,1,0,1,41,3,1,3,60,0,1,3,4,0,4,0,32,2,1,0,82,26,7,0,68,3,40,2,119,52,14,3,14,3,0,12,2,0,5,12,1,5,1,6,2,5,18,166,0,22,23,4,22,2,12,4,9,2,0,3,67,1,4,60,11,2,67,1190,5,23,1,0,91,1,115,2,4,6,0,50,0,12,3,0,31,24,0,0,1,1,50,76
2020-06-03,3,2,8,3,0,0,1,5,22,2,0,13,3,0,2,0,32,0,3,0,6,3,0,0,45,0,8,0,38,20,2,1,13,0,4,0,14,1,62,2,49,5,17,0,0,5,12,105,2,48,2,1,0,2,12,2,1,2,1,0,31,4,2,1,1,0,2,1747,0,10,3,2,56,3,26,0,1,9,0,0,3,2,2,0,5,26,0,0,1,0,0,11
2020-06-04,23,1,1,0,1,1,3,6,29,2,2,21,13,1,1,1,29,0,1,2,0,13,4,0,59,0,11,2,48,13,6,2,1,0,2,0,26,1,54,0,12,1,16,2,0,2,18,90,10,60,1,4,0,0,12,1,0,2,0,4,33,0,0,1,2,0,9,744,0,4,1,0,97,4,30,0,2,11,0,0,4,44,0,0,10,29,2,2,22,0,3,25
2020-06-05,1,1,3,1,1,1,3,6,21,1,2,8,10,5,1,1,35,0,1,3,3,1,0,1,55,0,4,1,44,32,7,4,7,1,4,0,41,0,18,13,21,2,12,0,0,1,12,59,6,82,4,6,1,0,7,1,2,0,1,1,48,1,3,9,2,0,7,1348,0,1,1,0,78,2,23,0,1,13,0,0,5,1,0,0,5,4,1,6,2,0,1,15
2020-06-06,21,0,3,0,1,1,1,6,14,2,0,27,2,0,9,0,26,0,2,0,1,6,2,0,45,2,1,0,38,19,1,1,11,1,3,0,57,0,16,4,19,0,10,1,0,7,8,80,8,52,1,1,3,0,7,2,0,2,0,0,18,1,4,16,1,0,6,660,1,12,3,1,117,6,27,2,5,24,0,1,1,3,1,0,10,6,3,0,6,1,4,11
2020-06-07,93,1,56,33,4,0,39,4,67,1,6,29,17,0,6,1,53,2,0,2,14,1,1,0,38,3,92,10,91,75,7,4,32,0,12,6,169,0,116,0,74,5,38,1,15,1,15,329,67,114,24,5,15,2,39,5,19,0,4,0,49,6,41,15,2,0,66,412,0,15,4,1,249,14,222,14,12,1,0,15,3,28,1,2,8,67,1,4,10,4,25,87
2020-06-08,0,0,0,1,3,1,5,4,3,1,1,2,4,0,0,0,9,0,0,0,3,0,0,0,3,1,6,4,77,41,0,2,4,0,14,0,25,0,43,1,26,1,43,0,2,0,0,271,69,2,4,0,2,0,19,1,4,0,0,0,16,2,10,2,0,0,21,778,1,3,1,1,285,5,2,0,0,0,1,1,5,3,3,2,4,32,0,4,1,0,1,9
2020-06-09,106,9,19,1,1,6,35,57,77,5,3,69,41,3,3,0,75,0,3,0,66,7,1,0,132,1,60,7,22,73,2,10,46,4,0,2,216,0,1,16,65,6,1,10,3,8,38,141,0,231,8,11,12,1,30,12,9,3,1,4,88,6,4,113,10,2,101,1010,2,13,6,0,1,8,75,5,15,25,2,8,10,23,8,0,30,38,0,0,21,1,16,80
2020-06-10,5,1,4,1,0,4,1,2,4,2,0,9,4,1,2,1,76,0,0,1,8,10,4,0,4,2,3,2,2,13,2,1,10,0,0,11,50,0,144,1,14,1,0,1,4,3,1,39,36,4,29,2,0,0,16,7,5,2,3,0,14,13,19,13,4,0,1,1057,1,9,13,0,7,16,11,4,11,3,2,12,1,27,4,2,7,60,0,0,9,2,3,35
2020-06-11,55,5,4,1,2,0,20,2,13,3,1,21,9,1,2,0,23,0,0,0,7,5,0,0,69,1,17,3,19,15,3,4,4,0,26,0,34,0,32,1,38,3,43,2,0,1,13,3,49,35,12,6,1,0,14,8,5,0,0,1,70,1,3,3,3,0,7,1057,2,3,1,32,33,0,29,1,2,4,1,3,5,5,3,0,7,31,0,35,1,0,18,28
2020-06-12,61,7,10,0,1,1,25,8,25,0,6,36,4,5,3,4,80,4,11,5,2,4,3,0,79,2,52,3,72,135,6,0,22,2,4,4,72,0,69,12,35,1,40,1,11,13,12,128,24,77,9,8,6,4,19,5,4,14,4,0,12,15,19,7,8,0,33,487,0,33,8,8,118,7,52,2,8,9,0,2,1,10,4,0,23,13,5,36,0,1,7,53
2020-06-13,47,4,1,1,2,0,16,1,29,2,1,7,25,4,1,0,9,3,2,1,8,4,3,0,60,1,26,0,3,0,2,2,7,2,1,2,33,0,37,0,38,3,32,2,0,2,9,102,6,21,6,5,3,1,59,3,7,8,1,1,24,7,11,2,7,0,2,907,0,3,3,2,94,2,8,1,4,2,0,3,4,3,5,0,5,39,8,36,0,0,15,7
2020-06-14,6,1,0,7,1,0,18,0,8,1,6,2,1,0,0,0,5,0,1,2,2,1,1,0,28,0,9,3,9,9,1,0,0,0,2,0,11,0,17,2,5,0,10,0,1,6,4,57,1,16,0,13,3,1,6,2,0,3,0,0,10,2,2,2,1,0,25,357,2,8,7,3,23,5,13,1,5,3,0,0,0,1,0,0,2,7,10,0,2,0,0,3
2020-06-15,17,4,0,0,0,0,17,3,6,0,2,1,1,0,2,0,2,1,2,11,1,0,0,1,25,0,21,0,37,47,0,3,2,0,1,0,122,0,24,1,42,0,1,1,0,10,9,99,1,22,0,8,1,0,12,0,4,1,0,0,5,7,0,0,1,0,6,617,0,3,6,0,56,6,38,0,5,2,2,0,1,9,0,0,6,30,0,0,0,0,5,4
2020-06-16,82,2,6,3,3,2,29,20,28,2,2,27,11,1,1,4,35,2,0,1,25,5,5,0,90,2,22,3,9,33,3,0,24,3,1,0,0,0,21,6,7,3,23,2,6,0,27,48,7,79,2,6,4,3,21,2,4,5,0,3,5,1,2,29,5,0,10,1489,1,6,0,4,160,2,9,3,2,3,2,6,3,12,3,2,1,26,0,15,7,7,16,33
2020-06-17,122,9,9,2,14,1,2,11,35,3,3,0,10,1,7,5,50,3,4,1,3,31,28,0,91,0,6,2,13,36,3,2,85,1,4,8,9,4,12,6,51,0,23,6,5,12,19,120,16,107,2,6,6,1,19,4,4,0,2,1,9,7,29,17,5,0,5,2104,1,16,6,0,190,10,37,0,12,29,1,7,2,15,0,1,21,29,0,26,3,0,1,67
2020-06-18,2,0,0,0,0,0,0,0,4,0,0,1,0,0,0,0,6,0,0,0,1,0,0,0,8,0,1,0,1,1,0,0,0,0,0,0,4,0,0,8,1,0,2,0,0,0,4,4,1,5,1,0,0,0,1,0,0,1,0,0,0,0,0,1,0,0,0,277,0,0,1,0,17,0,5,0,0,0,0,0,2,1,0,0,0,0,0,0,0,0,1,0
2020-06-19,135,11,18,0,0,4,16,30,64,4,4,52,40,2,10,6,133,5,9,10,17,0,2,0,185,20,66,17,217,135,15,5,67,5,10,9,93,0,137,26,73,2,42,22,8,23,29,376,31,164,2,25,15,1,24,4,9,5,3,3,117,19,15,15,9,0,21,2498,0,27,11,6,491,14,73,2,11,25,0,5,24,27,5,6,18,51,2,25,8,4,16,106
2020-06-20,11,2,4,1,32,6,38,41,13,4,1,24,20,1,4,3,54,0,4,0,6,1,0,0,33,0,21,10,75,58,2,2,12,3,8,0,52,0,14,21,0,6,12,1,6,1,18,128,1,41,3,6,5,0,7,1,0,4,0,0,37,2,1,13,2,2,23,1376,1,3,2,3,81,1,24,2,6,3,1,3,4,8,12,1,11,0,0,24,3,4,3,40
2020-06-21,1,0,0,16,0,1,2,31,30,0,8,2,0,0,0,0,5,0,3,0,0,1,0,0,5,0,0,0,29,10,0,4,5,0,2,0,15,0,4,4,6,0,7,0,0,5,9,23,1,6,0,16,2,0,2,0,0,0,1,0,13,1,0,1,2,1,2,301,1,0,1,0,42,10,9,0,2,1,0,0,0,0,1,0,6,2,1,2,0,0,0,3
2020-06-22,19,1,3,0,1,2,47,90,26,1,0,3,3,1,6,0,4,0,5,0,8,2,0,1,25,0,4,0,19,19,0,5,6,3,1,6,28,0,48,3,31,7,10,7,9,17,7,56,10,78,1,0,2,0,2,2,1,0,0,0,40,3,9,58,3,2,22,492,7,2,8,1,99,5,11,1,2,1,2,5,4,3,0,0,3,6,0,0,2,0,4,16
2020-06-23,44,6,6,0,211,0,11,27,35,2,4,28,15,1,6,0,59,1,13,0,15,0,3,0,120,4,14,8,99,30,15,1,37,2,1,0,68,1,121,32,82,2,14,1,8,6,22,114,15,74,5,5,7,3,15,3,7,1,3,1,19,14,6,9,0,0,9,1403,1,9,2,3,160,4,38,1,3,17,0,0,5,19,1,3,22,32,0,25,2,1,7,54
2020-06-24,27,0,5,1,79,0,6,18,26,0,2,7,13,1,1,2,74,1,16,0,2,10,2,0,61,3,21,4,55,29,5,0,90,2,4,6,30,2,66,19,30,1,25,0,6,5,16,154,21,66,10,6,4,0,14,3,2,12,4,0,14,7,24,11,0,0,14,982,0,28,17,1,224,7,33,2,6,16,0,2,16,2,1,0,9,33,1,29,2,2,12,60
2020-06-25,45,2,9,5,252,0,6,21,24,2,10,9,4,1,11,0,56,1,7,0,1,0,0,0,87,2,2,13,96,28,2,2,67,5,5,8,61,0,32,2,43,2,15,3,5,5,22,228,14,33,10,9,26,1,9,8,1,4,1,1,5,10,15,8,8,0,78,862,0,35,5,1,282,16,22,9,4,3,1,1,22,2,1,0,16,50,0,27,18,2,26,63
2020-06-26,120,4,9,0,23,2,5,7,25,2,8,75,19,2,24,4,40,0,7,1,15,4,1,0,65,2,22,12,53,21,0,2,43,2,6,10,90,4,16,19,25,5,13,9,1,1,12,183,16,55,7,9,14,5,0,4,2,0,3,1,39,3,18,7,2,0,5,983,7,8,14,0,201,16,19,0,2,37,0,1,1,4,3,0,6,46,0,7,4,5,16,63
2020-06-27,8,0,1,0,0,0,2,1,0,0,0,8,1,0,0,0,7,0,0,0,0,0,0,0,19,0,0,0,1,4,0,0,0,1,0,0,13,0,1,0,7,0,2,0,0,0,2,16,2,5,2,0,0,0,7,0,0,0,0,1,1,0,0,1,0,0,1,134,0,0,0,0,34,0,22,0,0,0,0,1,0,1,0,0,2,0,0,0,0,0,0,0
2020-06-28,75,6,9,6,14,8,18,28,14,0,1,60,2,2,3,5,54,1,6,2,9,1,2,0,82,0,24,9,34,32,2,4,49,3,1,7,214,1,10,36,59,0,5,4,6,7,8,225,27,44,7,24,23,0,6,6,9,4,8,1,22,4,6,59,1,2,12,774,0,0,27,0,148,19,23,0,10,4,0,1,1,1,3,0,1,10,2,27,2,7,9,49
2020-06-29,2,0,1,0,0,0,0,1,5,1,3,1,0,0,3,0,1,0,4,0,0,1,0,0,1,2,1,0,8,3,0,1,1,1,0,1,110,0,0,1,13,0,1,1,0,2,2,11,1,3,0,3,1,0,0,3,4,0,0,0,2,5,1,0,0,0,4,291,0,0,5,0,18,6,1,0,4,1,0,0,0,2,0,0,0,0,0,0,0,0,41,10
2020-06-30,10,1,0,0,3,0,0,0,5,0,0,12,2,0,1,0,3,0,0,0,0,0,0,0,20,0,5,0,2,1,0,1,2,1,0,1,0,0,1,1,2,0,2,1,0,0,2,20,11,9,0,0,0,0,0,0,0,0,0,0,1,0,2,0,0,0,0,585,0,0,0,0,10,0,8,0,1,1,0,0,0,2,0,0,1,3,0,0,1,0,0,0
2020-07-01,37,8,4,0,15,3,16,40,32,4,10,31,7,2,6,0,102,2,11,5,17,28,1,0,81,13,14,12,70,67,3,10,37,4,7,0,18,3,34,3,69,1,14,12,10,23,22,0,36,81,18,23,12,0,17,9,5,7,5,2,68,5,9,11,5,0,11,943,1,24,6,1,0,10,33,6,20,41,1,2,62,12,0,1,14,57,0,64,19,6,8,108
2020-07-02,29,0,3,0,1,0,10,25,26,2,1,19,1,3,1,0,61,0,3,2,12,2,1,0,48,0,16,2,30,29,2,12,48,2,3,2,15,1,9,2,19,2,4,6,8,7,9,0,9,29,3,21,11,7,17,2,0,4,1,0,26,3,6,15,4,0,1,736,2,5,1,2,0,0,24,2,8,15,1,4,3,4,1,0,7,17,1,26,1,0,23,25
2020-07-03,47,0,21,4,0,0,11,11,15,0,8,21,2,0,6,2,29,1,6,0,6,3,3,1,59,1,20,2,48,30,0,1,20,4,2,2,25,1,14,3,16,3,9,2,2,4,8,0,20,42,6,4,13,1,5,3,9,4,4,1,15,10,13,23,2,0,8,833,0,1,1,3,414,11,34,8,5,5,0,1,37,7,2,1,1,16,1,26,5,15,0,50
2020-07-04,8,2,2,0,0,1,12,26,19,0,10,11,0,2,1,4,24,0,0,1,0,1,4,19,43,0,14,1,36,17,0,4,20,0,1,1,25,1,11,0,35,0,4,1,4,2,8,0,20,45,2,10,2,1,11,2,5,0,1,0,16,2,8,17,0,0,3,585,2,42,3,1,145,15,18,0,6,5,0,0,1,9,0,0,5,36,0,23,8,1,9,50
2020-07-05,4,2,0,0,0,0,51,1,4,0,1,3,1,1,2,0,6,0,2,1,1,2,0,5,12,1,13,0,10,10,0,1,1,1,4,0,49,0,2,0,0,1,3,2,0,0,1,324,1,17,1,9,2,0,2,4,0,4,1,0,16,1,0,2,5,0,6,200,1,0,6,0,11,8,6,0,3,3,0,0,0,0,0,0,2,5,0,0,0,0,5,9
2020-07-06,1,0,3,0,1,1,1,0,4,0,1,2,1,0,0,0,2,0,2,1,0,1,0,0,7,0,0,1,20,12,0,1,3,0,0,9,44,0,2,3,3,0,0,0,0,3,3,21,0,5,1,5,0,0,0,2,0,0,1,0,1,0,0,1,0,0,0,363,0,0,0,1,10,2,6,0,4,0,0,0,0,0,0,0,4,0,3,0,0,4,1,20
2020-07-07,30,0,11,0,3,4,5,4,17,2,1,46,3,5,0,2,32,0,4,1,14,2,0,0,43,2,0,7,27,24,5,8,26,3,0,0,183,1,23,2,35,3,7,1,7,3,7,87,46,37,10,9,13,0,8,5,3,8,1,1,5,3,4,2,2,0,1,1062,0,21,7,1,112,7,10,1,1,19,2,2,20,4,0,1,6,3,0,26,6,1,19,28
2020-07-08,42,2,8,0,0,1,4,48,28,2,12,14,9,1,4,1,59,1,1,1,1,3,2,0,56,0,30,5,23,59,5,1,19,2,2,0,216,0,33,1,27,0,7,0,7,1,13,102,16,48,2,4,5,0,13,4,8,7,1,0,46,5,15,14,11,0,2,805,0,18,5,1,157,5,24,0,1,19,0,3,7,0,1,2,9,33,0,18,0,8,6,67
2020-07-09,34,1,6,1,3,1,3,40,3,1,6,16,8,1,2,3,30,1,1,0,34,3,1,2,47,1,9,4,12,45,1,11,6,3,3,0,240,0,35,4,34,0,0,4,10,6,5,58,9,19,2,9,9,1,0,7,5,7,2,0,3,2,11,5,5,0,5,933,1,20,0,1,68,1,16,4,1,11,1,1,20,10,0,0,1,24,0,32,4,2,3,41
2020-07-10,7,0,2,0,2,0,0,3,3,1,0,2,0,0,1,0,9,0,0,0,2,1,0,0,24,0,3,1,8,4,1,2,1,0,0,0,11,0,1,0,7,0,3,1,0,0,5,157,6,9,0,0,0,0,2,3,0,0,0,0,1,1,1,1,0,0,9,631,0,1,1,0,136,1,11,0,0,1,0,0,1,2,0,2,0,19,0,4,1,0,0,13
2020-07-11,0,1,10,0,0,0,3,0,2,0,0,3,0,0,0,0,1,0,0,0,0,0,0,0,15,0,0,0,1,0,0,0,0,0,3,0,16,0,4,0,5,0,4,4,0,0,1,13,3,6,1,2,1,0,4,0,0,0,1,0,1,1,3,1,0,0,2,75,0,1,1,1,27,0,9,0,0,0,0,2,1,0,0,0,0,1,0,0,0,0,2,2
2020-07-12,0,0,0,0,0,0,0,0,0,0,0,0,0,0,0,0,0,0,0,0,0,0,0,0,0,0,0,0,0,0,0,0,0,0,0,0,0,0,0,0,0,0,0,0,0,0,0,0,0,0,0,0,0,0,0,0,0,0,0,0,0,0,0,0,0,0,0,8,0,0,0,0,0,0,0,0,0,0,0,0,0,0,0,0,0,0,0,0,0,0,0,1
2020-07-13,35,4,13,0,0,2,17,27,20,1,8,23,6,2,6,3,48,0,7,3,7,4,1,2,74,3,22,14,48,45,1,7,38,4,3,1,256,1,24,4,36,2,9,4,7,6,8,128,46,44,4,16,24,0,12,18,6,7,10,0,10,8,13,44,6,0,39,525,2,12,11,3,220,27,40,1,4,16,0,1,22,7,0,2,13,53,0,20,14,6,8,62
2020-07-14,4,0,1,0,2,0,5,4,6,0,0,4,1,0,0,0,20,0,0,0,3,0,0,0,16,0,6,0,9,3,0,0,5,2,0,0,9,0,3,1,5,0,1,1,1,1,5,27,2,16,3,4,15,1,19,0,2,0,0,1,3,0,9,3,0,0,0,486,0,0,2,5,26,3,3,0,0,3,0,2,0,0,0,0,0,12,0,8,4,0,2,3
2020-07-15,72,5,3,3,0,0,27,4,21,6,0,18,32,2,2,0,17,0,0,0,16,0,0,0,49,2,27,8,30,18,2,6,2,2,1,0,105,0,46,3,48,0,10,5,0,0,9,163,29,35,5,18,4,0,33,10,4,2,1,4,22,14,6,5,5,0,11,368,1,9,4,0,64,3,31,0,10,7,2,3,2,4,0,0,8,56,0,1,1,0,18,63
2020-07-16,2,0,0,0,0,0,0,0,0,0,0,1,0,0,0,0,4,0,0,0,0,1,0,0,2,0,0,0,1,0,0,0,0,0,0,0,0,0,0,0,0,0,0,1,0,0,1,6,1,2,0,0,0,0,8,0,0,0,0,0,1,0,0,0,0,0,4,82,1,0,0,3,1,0,5,0,0,1,0,0,0,0,0,0,0,0,0,0,0,0,0,0
2020-07-17,25,4,3,5,1,1,24,35,10,6,26,24,18,1,4,2,21,2,4,0,10,2,4,3,16,2,7,6,18,2,0,2,30,1,3,2,9,0,18,2,8,1,0,3,6,8,0,0,14,19,0,10,13,0,6,2,4,0,2,4,41,7,16,21,1,1,13,125,1,8,0,1,141,18,1,1,7,29,1,1,4,2,1,0,9,15,0,69,9,4,15,16
2020-07-18,0,0,0,0,0,0,0,0,0,0,0,0,0,0,0,0,0,0,0,0,0,0,0,0,0,0,0,0,0,0,0,0,0,0,0,0,0,0,0,0,0,0,0,0,0,0,0,0,0,0,0,0,0,0,0,0,0,0,0,0,0,0,0,0,0,0,0,0,0,0,0,0,0,0,0,0,0,0,0,0,0,0,0,0,0,0,0,0,0,0,0,0
2020-07-19,48,10,2,1,2,8,0,82,21,3,7,25,0,7,8,1,18,16,4,18,2,5,11,12,5,0,2,5,39,10,1,18,40,2,10,0,107,4,21,0,178,10,6,3,24,0,10,262,100,39,4,6,30,2,8,12,29,18,16,5,31,5,37,4,18,9,15,1213,5,4,13,1,294,5,6,1,17,48,1,4,8,16,7,1,4,9,4,7,26,3,11,196
2020-07-20,32,6,4,1,3,7,11,77,21,8,25,27,2,2,11,5,28,10,6,8,8,4,5,11,53,2,24,4,49,46,0,15,21,6,5,0,89,3,34,4,160,5,15,2,16,6,8,282,88,52,0,25,35,1,13,4,19,15,12,3,47,14,11,21,4,4,24,127,5,3,15,6,372,6,27,3,15,55,3,3,7,26,1,1,11,18,0,17,23,6,5,163
2020-07-21,506,9,44,4,40,4,7,40,138,9,4,10,15,9,10,0,167,14,9,17,17,3,20,21,850,7,41,18,106,26,8,15,159,23,4,34,735,9,162,18,56,6,68,50,15,2,21,220,20,31,16,10,7,6,22,11,29,14,13,1,91,1,169,79,7,13,21,85,26,16,28,9,90,34,50,2,18,52,4,3,14,3,15,6,57,293,1,60,22,0,9,311
2020-07-22,131,2,6,0,1,2,42,177,87,3,51,38,11,2,6,0,75,1,4,3,74,57,2,0,138,7,14,13,41,17,2,5,60,6,0,0,227,3,267,13,43,0,9,0,4,3,14,94,28,45,12,6,4,1,41,23,4,23,0,1,27,1,54,13,2,0,18,1213,0,70,12,2,184,13,45,1,9,41,0,9,10,15,3,1,23,188,0,28,3,15,19,51
2020-07-23,167,6,30,0,2,4,10,15,19,2,43,51,10,2,0,2,93,0,2,0,29,35,1,1,434,0,24,12,46,12,2,4,80,24,2,9,163,0,99,1,57,1,11,12,13,7,12,134,66,43,9,42,21,21,30,10,25,13,14,1,12,2,122,23,0,1,30,176,0,17,13,2,133,21,68,0,7,23,1,2,44,13,0,1,10,106,0,43,14,0,4,60
2020-07-24,118,1,15,4,1,2,10,49,89,0,18,40,9,0,3,0,77,1,3,1,14,7,1,0,192,0,13,15,31,37,0,7,86,9,1,0,221,0,9,49,36,5,5,3,6,5,10,118,83,55,6,10,9,32,56,16,6,13,17,3,7,3,31,27,5,1,62,946,3,8,7,4,254,11,35,3,3,12,0,1,2,6,2,4,7,145,2,42,8,2,0,60
2020-07-25,123,12,16,2,2,3,8,22,8,1,5,29,1,0,9,7,47,1,1,3,2,3,0,0,168,0,13,2,17,9,0,2,26,2,2,1,66,0,6,19,35,0,8,0,0,10,3,109,34,21,3,13,9,5,35,1,15,11,0,0,25,4,38,22,2,0,13,90,0,17,4,4,100,10,12,0,3,5,0,11,8,5,0,0,20,6,0,20,2,0,2,41
2020-07-26,0,0,0,0,0,0,4,0,1,0,0,0,0,0,0,0,0,0,0,0,0,0,0,0,0,0,0,0,1,0,0,0,0,0,0,0,2,0,0,0,0,0,0,0,0,0,0,0,0,0,0,0,0,0,0,0,0,0,0,0,0,0,0,0,0,0,0,24,0,0,0,0,1,0,1,0,0,0,0,0,0,0,0,0,0,0,0,0,0,0,0,0
2020-07-27,31,0,0,0,0,1,20,5,9,0,1,4,1,0,0,0,10,1,3,2,1,2,1,0,22,2,1,0,31,2,2,6,21,1,1,7,117,0,0,23,13,0,0,0,0,15,1,11,17,4,1,8,1,0,2,1,3,2,3,0,0,1,2,4,1,0,61,800,3,0,7,4,28,13,7,0,15,1,0,0,1,0,1,0,3,69,0,0,0,0,13,65
2020-07-28,8,4,3,0,0,2,16,26,15,2,13,32,4,0,2,1,54,1,8,0,23,2,2,0,172,2,18,2,25,13,12,5,56,3,0,0,118,0,7,24,42,6,4,1,5,1,15,112,42,48,14,8,6,17,15,24,9,6,7,1,32,20,32,61,3,1,28,70,0,19,11,2,112,6,36,1,4,6,0,5,0,4,1,0,16,114,0,56,10,3,20,74
2020-07-29,52,6,21,0,1,5,12,25,34,0,7,42,12,3,7,0,80,1,2,2,8,31,1,0,161,0,23,15,31,10,3,2,41,7,5,4,101,1,33,14,19,1,11,4,4,3,11,94,55,28,7,6,12,0,36,4,13,26,0,0,8,1,23,26,3,1,8,252,0,22,5,4,141,15,32,0,11,40,1,7,17,13,0,0,13,79,0,62,7,1,2,77
2020-07-30,53,0,42,0,1,1,7,26,21,5,18,31,2,5,4,2,41,0,5,0,4,0,1,0,261,0,14,8,23,11,8,13,16,7,1,0,81,0,19,2,37,3,13,4,0,3,10,81,77,34,3,15,1,7,5,1,9,32,4,17,15,5,22,96,3,0,44,297,9,1,10,1,97,21,18,0,6,22,0,7,46,11,0,0,0,68,1,41,6,9,5,45
2020-07-31,26,0,12,0,1,1,9,12,49,16,3,39,7,1,5,0,69,1,0,0,4,0,2,1,143,1,42,3,36,10,6,2,47,5,2,0,28,1,7,3,29,0,19,0,0,2,13,99,42,22,4,22,11,2,31,5,16,11,17,0,5,3,37,38,1,0,15,333,0,39,7,2,160,18,21,0,1,17,1,15,32,3,1,2,9,46,0,28,0,2,2,76
2020-08-01,5,2,33,4,0,0,17,23,55,1,7,21,7,1,1,1,43,0,0,1,1,3,2,0,116,0,16,4,23,3,2,6,40,7,0,3,18,0,5,1,41,3,18,2,9,1,9,0,47,46,1,8,1,2,13,6,6,9,2,0,5,1,22,35,2,0,10,470,1,17,6,0,155,13,63,0,1,0,0,7,38,2,1,2,7,29,0,25,6,3,0,101
2020-08-02,0,0,0,0,0,0,0,0,0,0,0,0,0,0,0,0,0,0,0,0,0,0,0,0,0,0,0,0,1,0,0,0,0,0,0,0,0,0,0,0,0,0,0,0,0,0,0,0,0,0,0,0,0,0,0,1,0,0,0,0,0,0,0,0,0,0,0,10,0,0,0,0,0,0,0,0,0,0,0,0,0,0,0,0,0,0,0,0,0,0,0,0
2020-08-03,1,0,0,0,1,0,8,12,110,0,1,1,1,0,1,0,31,1,2,1,0,0,0,1,11,1,1,0,6,2,1,9,5,0,0,0,18,0,2,0,10,0,2,0,0,3,2,0,20,10,0,5,3,0,3,6,5,0,14,0,14,2,1,10,4,0,40,277,0,1,8,1,38,11,9,0,8,0,0,1,0,0,1,0,3,27,0,0,0,0,11,63
2020-08-04,13,1,1,0,1,1,6,1,7,0,0,8,0,0,0,0,1,0,0,0,0,0,0,0,17,0,2,0,12,4,2,0,3,1,1,0,1,1,5,0,4,0,2,1,0,0,2,0,8,9,1,0,1,0,8,0,0,0,1,0,1,1,9,1,0,0,2,643,0,0,0,0,16,0,5,0,0,1,0,0,2,4,0,0,0,8,0,2,0,0,1,29
2020-08-05,105,7,32,2,14,2,27,50,258,0,63,53,3,11,7,3,101,1,1,1,60,12,1,0,47,4,28,10,53,14,9,19,103,10,3,0,188,1,30,11,74,3,20,2,17,6,18,0,108,78,11,22,12,2,34,15,15,30,6,2,17,9,36,80,9,0,26,674,1,37,14,2,349,20,36,2,10,29,0,11,55,9,1,1,8,228,0,85,9,8,10,173
2020-08-06,35,0,20,0,45,2,11,22,43,1,3,22,2,1,1,0,46,0,7,1,8,4,1,1,41,0,6,10,28,5,2,2,43,6,2,5,77,0,14,5,31,2,6,2,4,3,5,0,22,45,1,8,2,0,71,8,18,13,4,2,8,4,15,52,0,0,13,121,0,11,3,0,131,15,19,0,3,20,0,8,58,1,0,0,2,21,1,26,12,2,6,64
2020-08-07,7,0,11,0,3,1,4,36,12,1,14,28,1,4,3,0,15,0,4,0,7,4,1,1,15,0,27,1,20,13,8,5,50,16,4,2,134,0,30,1,62,3,16,1,2,4,5,0,36,49,1,13,6,1,34,3,10,10,1,7,2,3,80,23,1,0,9,338,0,16,4,1,122,2,25,0,0,3,0,15,14,1,0,1,2,58,1,54,9,6,0,99
2020-08-08,94,0,35,3,6,5,8,54,688,4,7,49,3,3,4,1,16,2,2,0,1,2,2,0,34,2,9,14,23,6,3,4,49,26,2,0,84,0,12,1,45,0,7,0,5,10,6,211,44,58,3,8,12,0,17,14,7,13,3,10,13,1,52,38,0,0,45,548,0,15,4,1,67,9,19,0,1,8,0,5,21,7,0,2,16,70,0,72,2,11,0,70
2020-08-09,0,0,30,0,0,0,7,1,15,0,0,2,0,1,1,0,7,0,1,1,0,0,0,1,5,0,0,1,0,8,1,2,2,0,0,0,10,0,0,0,1,0,0,0,0,1,1,90,4,6,0,2,2,0,9,2,2,0,11,0,2,0,0,8,0,0,3,18,0,0,2,1,3,6,29,0,2,0,0,0,3,0,1,0,0,0,0,0,1,2,0,18
2020-08-10,37,2,8,10,15,1,5,28,138,2,2,19,0,1,4,0,22,3,1,1,0,0,0,1,12,0,0,0,14,12,11,8,33,1,4,3,60,0,8,4,17,0,9,2,7,0,1,0,14,18,0,9,6,0,2,5,1,9,1,0,2,4,11,16,2,0,59,253,0,1,4,0,35,2,24,4,1,5,0,1,0,2,1,0,7,56,0,62,0,0,15,36
2020-08-11,5,12,14,0,12,0,8,18,70,1,3,12,7,2,1,5,30,4,8,0,3,2,0,0,25,0,2,8,17,5,1,3,5,9,2,0,25,0,8,7,14,5,2,1,2,10,2,219,48,28,8,2,11,1,16,1,0,12,2,0,3,1,11,15,1,0,6,1428,0,13,1,0,47,3,11,0,4,14,0,0,0,4,0,2,5,26,0,151,2,3,7,73
2020-08-12,23,1,12,0,1,2,14,70,71,5,14,48,1,7,1,1,45,1,7,0,4,25,1,2,33,5,5,8,43,16,22,3,50,9,3,1,38,0,30,7,33,1,3,1,12,5,13,0,37,47,2,13,8,0,17,9,15,2,3,7,14,8,42,18,1,0,18,1525,0,18,4,1,134,0,26,0,4,9,1,10,38,2,2,4,9,70,1,84,4,14,2,127
2020-08-13,53,1,20,0,0,2,14,44,65,3,4,30,7,4,6,5,80,1,2,0,16,0,1,0,31,0,22,6,23,5,4,3,26,5,1,7,63,0,11,1,51,0,2,0,6,16,8,119,43,70,7,7,4,0,18,4,21,4,3,5,13,2,25,33,4,0,14,873,0,24,1,1,104,0,11,0,3,50,0,5,16,3,1,1,4,41,0,90,11,12,2,177
2020-08-14,4,0,1,1,0,1,1,0,4,0,0,5,2,1,0,0,72,0,0,0,1,0,0,0,7,0,1,3,8,2,0,0,1,0,1,0,4,0,7,0,1,0,0,0,0,0,5,212,2,5,0,1,4,0,5,0,0,0,0,14,1,0,10,5,0,0,1,1365,0,1,0,1,19,0,10,0,0,2,0,3,0,0,1,0,1,2,0,5,1,0,1,3
2020-08-15,0,0,0,0,0,0,0,0,0,0,0,0,0,0,0,0,0,0,0,0,0,0,0,0,0,0,0,0,0,0,0,0,0,0,0,0,0,0,0,0,0,0,0,0,0,0,0,23,0,0,0,0,0,0,0,0,0,0,0,0,0,0,0,0,0,0,0,700,0,0,0,0,0,0,0,0,0,0,0,0,0,0,0,0,0,0,0,0,0,0,0,0
2020-08-16,88,0,19,0,0,5,15,49,769,2,45,19,18,6,5,3,251,2,16,0,2,16,8,1,68,3,6,8,53,21,18,6,108,14,0,0,126,0,35,6,92,0,25,3,13,17,29,20,123,105,9,17,8,2,30,4,26,34,3,3,31,12,84,67,6,0,33,197,0,24,16,4,283,32,38,0,6,13,0,8,0,5,2,3,3,68,1,136,15,33,38,133
2020-08-17,0,0,1,1,0,0,0,3,43,0,1,1,0,0,1,0,5,0,5,0,0,0,0,0,15,0,0,0,10,13,0,5,2,0,0,0,5,0,4,1,7,0,1,0,0,4,1,0,0,6,0,0,3,0,3,6,0,0,0,0,1,18,0,8,0,0,3,137,0,0,2,1,24,0,8,0,0,0,0,0,0,0,1,0,3,2,0,0,0,0,0,17
2020-08-18,92,0,38,7,5,2,9,59,956,2,64,35,3,8,2,2,116,2,7,2,4,1,4,1,215,1,15,16,40,17,3,3,47,3,7,2,120,2,21,26,54,1,25,0,18,2,13,161,106,122,6,26,11,0,49,11,11,12,4,5,8,2,88,68,3,0,17,1289,0,10,10,2,126,12,55,4,5,27,0,3,42,2,1,18,11,111,0,73,11,18,7,210
2020-08-19,32,0,9,2,1,1,10,34,688,3,8,37,3,2,0,2,47,1,5,2,0,19,0,1,165,1,1,8,39,10,0,2,20,5,12,0,33,0,14,1,39,0,18,3,1,7,18,0,32,88,2,5,1,1,10,0,4,3,1,9,18,3,28,7,3,0,15,1547,0,10,1,1,130,13,62,0,2,35,3,7,4,1,3,2,7,47,0,40,9,11,4,40
2020-08-20,50,0,19,1,2,2,13,15,300,2,4,16,2,3,0,3,84,1,2,2,1,2,1,1,216,0,43,13,42,14,2,3,32,4,5,0,80,2,59,1,54,1,19,6,8,22,15,180,75,93,7,4,1,0,27,4,15,15,4,1,10,5,18,63,3,0,6,753,0,6,18,2,82,10,61,0,0,12,0,3,13,5,2,0,9,96,2,68,9,6,1,71
2020-08-21,3,0,0,0,0,0,0,7,9,0,2,2,0,1,0,0,3,0,0,0,0,0,0,0,13,0,0,0,3,1,0,1,0,1,0,0,3,0,0,0,1,0,2,0,0,0,10,0,0,14,0,0,2,0,2,0,0,0,0,0,1,0,1,0,0,0,1,1000,0,1,0,4,3,0,5,0,0,2,0,0,0,1,0,0,0,8,0,2,3,0,2,6
2020-08-22,135,0,38,6,0,4,13,35,368,1,17,26,3,5,1,4,66,0,2,1,2,7,2,1,310,4,1,12,73,22,7,4,34,8,3,2,53,0,35,14,118,5,9,4,10,56,9,115,78,53,6,18,15,2,69,1,9,3,6,1,18,13,37,5,7,0,38,931,0,16,6,2,111,12,42,1,4,8,2,1,14,3,5,2,3,53,1,63,8,10,16,90
2020-08-23,0,0,1,0,0,2,19,1,0,0,0,0,1,0,0,0,2,1,0,0,0,0,0,0,1,0,0,0,4,3,0,0,1,0,1,0,6,0,0,1,3,0,1,0,0,1,1,3,13,11,0,3,6,0,1,0,14,2,0,0,1,0,0,10,1,0,7,348,0,0,1,0,8,0,0,0,0,0,0,0,0,0,0,0,0,1,1,0,0,0,0,3
2020-08-24,0,0,0,0,0,0,0,0,0,0,0,0,0,0,0,0,0,0,0,0,0,0,0,0,1,0,0,0,6,0,0,0,0,0,0,0,0,0,0,0,0,0,0,0,0,0,0,0,1,1,0,0,0,0,2,0,0,0,0,0,0,0,0,0,0,0,0,397,0,0,0,0,1,0,3,0,0,0,0,0,0,0,0,0,0,0,0,0,0,0,0,0
2020-08-25,54,0,10,2,4,1,14,49,269,6,17,20,4,5,0,6,76,6,9,3,38,3,1,3,47,1,7,28,57,20,6,5,34,4,4,0,53,0,48,5,36,0,13,1,11,7,17,174,63,62,5,11,4,1,19,3,7,3,23,5,20,7,26,56,3,0,29,584,0,5,6,1,88,21,45,0,5,20,0,5,8,12,2,10,21,108,0,50,8,31,2,86
2020-08-26,5,0,38,3,3,2,10,90,179,1,8,50,4,1,5,2,93,5,2,0,1,21,18,1,51,0,30,5,55,16,2,2,28,11,4,2,44,2,16,5,50,2,24,1,10,0,7,0,60,64,15,5,3,1,20,6,7,16,1,0,25,2,23,37,0,0,11,951,3,12,5,3,91,24,30,0,6,18,1,8,35,4,0,6,5,80,0,41,5,15,6,118
2020-08-27,35,0,63,0,42,0,21,40,85,1,3,13,3,1,1,1,89,4,5,0,2,11,5,0,62,1,9,5,66,8,12,3,28,5,3,0,51,0,85,1,42,1,10,0,3,3,8,246,65,37,4,10,16,0,23,6,8,13,0,1,13,2,34,28,0,0,12,735,0,3,7,2,108,4,25,0,1,12,0,0,29,4,1,2,8,109,0,23,7,15,12,67
2020-08-28,0,0,0,0,0,0,0,0,0,0,0,0,0,0,0,0,0,0,0,0,0,0,0,0,0,0,0,0,0,0,0,0,0,0,0,0,0,0,0,0,0,0,0,0,0,0,0,0,0,0,0,0,0,0,0,0,0,0,0,0,0,0,0,0,0,0,0,0,0,0,0,0,0,0,0,0,0,0,0,0,0,0,0,0,0,0,0,0,0,0,0,0
2020-08-29,118,0,22,3,1,1,1,73,174,8,7,37,4,0,4,6,113,8,9,9,21,10,2,0,165,0,32,21,83,22,2,3,31,11,9,1,71,1,166,7,99,19,19,1,2,4,9,233,69,60,9,15,57,2,59,14,8,20,39,6,19,10,27,22,4,0,11,829,1,30,3,2,149,18,25,0,6,14,0,3,28,10,0,7,6,251,1,63,6,64,6,144
2020-08-30,7,0,0,0,0,0,3,4,5,0,0,1,3,0,0,0,5,2,2,4,0,0,0,1,4,0,2,0,8,5,0,0,1,0,0,0,11,0,2,1,0,0,1,0,0,0,7,25,13,32,0,2,1,0,22,0,1,0,0,0,1,1,1,2,2,0,25,82,0,0,2,0,7,3,8,0,1,0,0,0,0,2,0,0,0,0,0,0,2,1,0,30
2020-08-31,4,0,4,0,0,0,11,0,0,0,1,0,1,0,0,0,9,1,12,0,0,0,2,1,5,3,7,0,1,6,0,0,9,2,0,0,14,0,1,0,16,0,2,1,0,1,0,20,4,12,0,1,3,0,7,3,4,1,0,0,0,0,2,2,1,0,2,121,3,0,1,1,7,6,1,0,1,0,0,0,2,1,0,1,0,4,1,1,1,0,1,12
2020-09-01,35,2,28,4,1,6,4,64,158,0,15,47,3,3,2,2,99,9,5,0,0,8,17,0,124,0,13,12,35,6,0,7,37,3,5,9,82,2,62,10,13,0,9,0,5,7,14,126,40,57,0,8,9,0,4,3,4,8,9,1,6,5,54,40,2,0,11,1222,0,12,4,0,87,2,42,0,4,7,1,7,2,4,0,13,23,224,0,39,3,12,7,100
2020-09-02,3,0,21,1,2,2,8,44,105,2,4,18,9,0,0,3,54,11,0,4,3,19,0,0,79,1,33,4,30,9,4,0,18,8,10,0,82,0,55,5,43,1,7,1,5,1,11,46,31,62,11,5,17,0,15,3,2,7,2,1,27,2,7,3,1,0,21,200,0,9,2,0,63,13,16,1,1,21,0,13,4,2,1,6,10,64,0,8,12,53,0,50
2020-09-03,4,0,25,5,0,3,12,23,60,0,1,41,3,0,3,8,67,3,4,5,0,5,0,0,159,0,45,14,29,8,0,1,10,7,16,0,50,0,48,3,17,1,13,3,2,4,7,178,27,51,2,5,7,1,12,6,2,8,3,1,7,1,12,52,3,0,12,478,1,3,2,3,70,8,31,0,5,14,1,1,9,1,0,0,3,63,0,42,6,36,18,45
2020-09-04,33,0,4,2,1,0,4,12,138,1,2,27,3,4,1,0,96,7,7,2,1,3,3,0,55,0,20,5,38,7,1,0,10,2,22,0,48,0,57,0,10,0,8,0,4,1,6,409,34,56,1,2,6,0,20,4,0,3,4,0,8,9,8,7,3,2,15,646,0,1,2,0,99,11,3,0,0,11,0,7,2,1,0,1,9,70,0,26,10,20,1,62
2020-09-05,2,0,0,0,0,0,1,6,0,0,0,2,0,0,0,0,3,0,0,0,0,0,0,0,0,0,0,0,1,0,0,1,0,1,0,0,0,0,0,1,1,0,0,0,0,0,0,0,2,1,0,0,0,0,2,0,0,0,0,0,1,0,0,0,0,0,0,226,0,0,0,0,3,0,0,0,0,1,0,0,0,0,0,0,0,2,0,0,2,0,0,1
2020-09-06,0,0,0,0,0,0,0,0,0,0,0,0,0,0,0,0,2,0,0,0,0,0,0,0,25,0,0,0,0,1,0,1,0,2,0,0,3,0,1,0,0,0,0,0,0,0,0,252,0,0,0,1,0,0,26,0,0,0,0,0,0,0,2,0,1,0,0,242,2,0,0,0,7,0,2,0,1,0,0,0,0,1,0,0,0,0,1,0,2,0,0,0
2020-09-07,2,0,0,0,0,0,5,0,0,0,0,0,0,0,0,0,0,0,2,0,0,0,0,0,1,0,0,0,4,0,1,1,1,2,0,0,0,0,2,0,3,0,1,0,0,10,0,0,7,5,0,0,0,0,15,0,0,0,0,0,0,0,1,0,1,0,3,172,0,0,0,0,1,0,1,0,1,0,0,0,0,1,0,1,0,3,1,0,1,0,0,1
2020-09-08,0,0,0,0,1,0,0,0,2,0,0,0,0,0,0,0,0,0,0,0,0,0,0,0,3,0,0,0,1,1,0,0,0,0,0,0,1,0,1,0,0,0,2,0,0,0,7,40,0,6,0,0,0,0,0,0,0,0,0,0,3,0,0,0,0,0,1,247,0,0,0,0,0,0,4,0,0,0,0,0,0,0,0,0,0,1,0,0,0,0,0,0
2020-09-09,4,0,0,0,0,0,0,3,3,0,0,14,0,0,0,0,4,0,0,0,0,0,0,0,8,0,5,0,0,0,0,0,0,0,1,0,4,0,2,0,0,0,3,0,0,0,5,70,2,8,0,0,1,0,9,0,0,0,0,0,4,0,4,2,1,0,1,313,0,0,0,0,8,2,5,0,0,4,0,0,0,0,0,4,0,3,0,0,0,0,0,3
2020-09-10,1,0,0,0,0,0,1,15,3,0,0,1,0,0,0,0,8,1,0,0,10,0,0,0,14,0,0,0,4,0,0,0,0,0,1,0,6,0,0,0,1,0,1,0,0,0,2,70,8,4,1,1,0,0,11,4,1,0,0,0,0,0,1,6,0,1,0,684,0,6,0,0,10,0,1,0,7,1,0,0,0,1,0,0,2,5,0,0,1,1,0,46
2020-09-11,159,14,41,1,17,5,27,318,427,11,18,100,8,5,6,6,264,22,10,12,5,56,25,3,170,5,81,32,75,51,7,10,79,11,22,5,337,7,97,31,166,18,54,5,24,45,37,56,99,231,24,13,37,4,171,9,9,20,26,2,35,10,59,75,9,2,65,112,1,28,14,3,338,40,60,2,23,39,4,24,9,20,1,14,18,554,1,110,49,60,28,203
2020-09-12,0,1,0,1,0,0,1,0,1,0,0,1,0,0,0,0,4,0,0,0,0,0,0,0,8,0,0,0,0,0,0,1,0,0,1,0,1,0,5,0,3,0,0,0,0,0,1,100,2,2,0,0,0,0,2,0,0,0,0,0,0,1,0,0,0,1,0,182,0,0,0,0,1,0,2,0,0,0,0,0,1,0,0,0,0,3,0,0,0,0,0,1
2020-09-13,170,3,14,4,1,1,39,62,147,5,0,19,7,0,2,1,27,5,1,5,49,2,2,0,52,0,1,8,21,7,2,0,6,4,7,0,96,2,52,2,50,4,10,2,1,5,9,100,41,49,3,3,8,1,106,0,1,4,4,0,17,5,15,7,2,0,30,147,2,10,8,0,52,26,13,0,9,1,0,0,3,2,2,1,3,53,0,10,4,4,2,60
2020-09-14,0,0,0,0,0,0,0,2,3,0,0,0,0,0,0,0,2,0,3,1,0,0,0,0,5,3,0,0,2,1,0,1,0,1,0,0,32,0,2,0,3,0,2,0,0,0,1,92,8,5,0,1,0,0,0,1,1,0,1,0,0,1,0,2,0,0,2,107,0,1,0,0,9,0,10,0,0,0,0,0,0,0,0,0,0,2,0,1,0,0,0,11
2020-09-15,35,1,9,0,0,1,10,31,103,1,2,28,6,3,0,1,65,3,4,2,0,1,15,0,70,0,11,7,11,6,1,4,25,1,9,0,36,1,11,2,10,2,9,0,3,2,8,30,29,37,2,4,4,0,29,1,3,4,0,0,2,3,8,12,0,1,5,607,0,13,3,1,39,7,32,1,6,21,0,4,0,5,2,3,2,46,0,41,6,6,5,34
2020-09-16,26,0,5,4,4,3,0,57,51,0,5,24,4,0,1,0,62,1,0,1,0,1,10,0,59,2,8,3,12,14,4,0,21,5,0,1,31,5,77,2,5,1,4,1,7,5,10,30,43,43,28,3,7,0,23,1,4,1,1,3,4,1,23,3,1,1,8,767,5,8,0,1,47,6,35,1,3,14,0,0,0,2,1,0,4,23,0,11,15,4,0,53
2020-09-17,0,0,0,0,0,0,1,5,1,0,0,5,0,0,0,0,2,0,0,0,0,0,0,0,1,0,1,0,1,0,0,0,2,0,0,0,0,0,1,0,0,0,1,0,0,0,1,30,1,6,0,0,1,0,0,0,0,1,0,0,1,0,1,0,2,0,0,581,0,0,0,0,13,0,1,0,2,1,0,0,0,0,0,0,0,0,0,0,0,0,0,0
2020-09-18,31,1,18,4,15,3,17,150,164,18,18,67,7,4,8,3,135,26,7,12,17,30,27,2,149,5,23,19,49,13,8,5,50,8,5,4,144,2,50,12,26,12,60,9,5,8,21,25,81,138,8,34,33,1,47,18,15,7,15,6,12,3,44,15,5,0,21,213,1,13,10,0,114,40,51,0,7,18,0,14,2,10,2,0,4,173,0,51,18,24,13,178
2020-09-19,49,2,12,0,0,0,6,111,52,0,4,27,1,0,1,1,36,6,0,2,9,3,6,2,103,3,8,8,39,6,0,1,15,1,4,0,75,3,5,9,17,5,9,0,3,7,10,115,31,45,22,9,9,1,22,8,6,2,6,1,26,1,1,6,0,0,9,212,1,12,2,2,40,14,17,0,1,8,0,2,3,2,0,11,3,94,0,2,4,3,1,48
2020-09-20,0,0,0,1,0,1,6,2,141,0,0,0,0,2,0,0,4,3,0,2,0,4,0,0,1,2,3,3,2,2,0,1,4,0,0,0,6,2,1,0,1,0,1,0,0,0,2,0,9,21,0,0,0,0,11,0,0,0,2,0,0,2,0,3,6,0,1,338,0,0,0,0,11,3,0,0,2,1,0,0,13,0,0,0,0,6,1,0,0,0,0,25
2020-09-21,3,0,0,0,0,0,0,1,1,0,0,7,0,0,0,0,3,0,0,0,0,0,0,0,1,0,0,0,6,0,0,0,0,0,1,0,2,0,1,0,1,0,1,0,0,0,1,0,0,2,0,0,0,0,0,1,0,0,2,0,0,0,2,0,0,0,0,97,0,0,0,0,0,0,3,0,0,0,0,0,0,2,0,0,0,0,0,0,1,0,0,0
2020-09-22,4,0,10,17,12,1,6,79,33,6,5,19,2,2,2,1,86,14,3,1,1,11,9,3,107,7,4,7,9,16,1,3,3,5,10,0,25,2,4,1,3,11,9,1,6,7,5,342,25,38,3,15,11,0,40,3,11,6,9,0,11,2,49,18,2,0,8,286,0,6,7,0,29,11,17,0,2,4,1,6,20,7,0,0,4,51,0,38,5,0,6,44
2020-09-23,0,0,0,0,0,0,0,0,3,0,1,0,0,0,0,0,0,0,0,0,0,0,0,0,5,0,0,0,1,1,0,0,0,0,1,0,0,0,2,0,0,0,0,0,0,0,2,74,1,1,0,0,1,0,1,0,0,0,0,0,0,0,1,0,0,0,0,1028,0,0,0,0,0,0,0,0,0,1,0,1,0,0,0,0,0,0,0,0,0,0,1,3
2020-09-24,99,0,87,1,3,2,17,182,119,2,18,25,4,1,3,0,140,21,1,10,104,7,20,2,188,2,33,18,58,34,1,0,29,7,25,21,91,10,66,40,40,5,23,4,5,5,34,79,98,154,16,20,3,0,15,5,6,5,5,6,16,2,82,15,3,1,27,309,1,16,4,0,110,20,44,0,4,12,0,30,11,14,3,10,8,173,0,38,14,5,6,103
2020-09-25,27,0,45,12,1,2,11,53,100,0,4,19,2,1,0,0,115,3,0,9,3,1,10,1,68,0,10,10,8,22,1,2,23,2,20,0,53,2,39,4,34,1,11,4,5,2,8,76,42,57,0,7,6,0,13,1,2,2,5,0,12,5,19,4,1,0,23,163,0,5,1,1,61,10,30,2,1,6,5,13,7,3,4,2,2,91,0,21,5,3,1,43
2020-09-26,3,0,0,0,0,0,0,1,0,0,0,0,0,0,0,0,3,0,0,0,0,0,0,0,2,0,0,0,0,1,0,0,0,0,0,0,1,0,1,0,1,0,2,0,0,0,1,60,2,3,0,0,0,0,4,0,0,0,0,0,0,0,0,1,0,0,0,87,0,0,0,0,3,0,2,0,0,0,0,0,0,0,0,0,0,4,0,0,0,0,0,0
2020-09-27,0,0,0,0,0,0,1,0,0,0,0,1,0,0,0,0,0,0,0,0,0,0,0,0,2,0,0,1,0,1,0,0,0,0,0,0,0,0,0,0,0,0,1,0,0,0,1,60,1,0,0,0,0,0,3,0,0,0,0,0,0,0,1,0,0,0,0,2114,0,0,0,0,2,0,0,0,0,0,0,0,0,0,0,1,0,0,0,0,0,0,0,0
2020-09-28,0,0,0,0,0,0,0,0,0,0,0,0,0,0,0,0,0,0,0,0,0,0,0,0,0,0,0,0,0,0,0,0,0,0,0,0,0,0,0,0,0,0,0,0,0,0,0,60,0,1,0,0,0,0,3,0,0,0,0,0,0,0,0,0,0,0,0,80,0,0,0,0,1,0,1,0,0,0,0,0,0,0,0,0,0,0,0,0,0,0,0,0
2020-09-29,0,0,29,0,5,0,7,24,199,1,0,21,0,0,2,3,150,16,0,7,0,13,7,0,134,3,56,10,0,43,0,1,1,0,3,0,22,8,2,18,24,9,6,0,3,0,2,72,31,32,13,0,0,2,60,0,7,0,0,0,4,0,94,18,0,0,27,183,0,0,11,1,2,29,1,0,0,3,11,44,7,0,0,0,12,154,0,34,2,3,2,5
2020-09-30,4,3,30,2,0,3,4,112,111,0,5,11,1,1,0,0,134,2,2,2,1,3,28,0,73,0,2,5,9,14,1,5,15,4,0,9,17,0,7,1,5,4,3,0,1,3,6,80,35,36,5,2,0,0,7,4,1,3,6,0,2,2,0,0,0,1,2,207,1,2,0,0,62,5,18,1,4,2,0,1,6,0,3,1,1,34,0,13,1,0,0,5
2020-10-01,51,1,35,0,1,0,4,48,74,0,0,19,5,1,0,0,39,9,1,7,5,2,3,0,81,5,38,9,20,19,0,0,8,4,2,1,30,9,35,13,11,1,23,2,2,7,13,80,40,41,6,13,4,1,3,3,6,0,4,0,3,5,94,8,9,0,6,185,0,9,1,0,106,5,25,0,2,3,0,5,8,6,1,1,8,74,3,14,21,7,2,30
2020-10-02,51,1,4,0,14,2,4,16,66,0,3,8,1,1,5,0,28,16,1,2,0,14,5,0,45,0,12,11,8,15,0,0,7,2,0,2,26,0,6,11,11,0,19,3,0,0,7,78,27,39,8,2,11,0,8,2,2,2,3,1,4,1,13,1,0,0,6,3177,0,6,0,1,204,16,20,0,0,4,0,21,3,2,0,0,1,39,1,11,1,0,7,11
2020-10-03,15,0,2,0,7,0,7,18,123,1,5,12,2,3,0,2,108,4,0,0,1,2,2,0,56,10,26,3,24,7,0,1,1,0,3,0,21,3,60,1,10,0,7,0,4,8,10,80,45,68,0,3,6,0,8,3,2,1,4,1,3,7,22,15,1,1,7,60,0,0,5,3,52,6,3,0,1,2,0,10,1,1,1,0,4,133,1,13,7,2,1,28
2020-10-04,0,0,1,0,0,0,0,0,1,0,0,0,0,0,0,0,0,0,0,0,0,0,0,0,1,0,0,1,0,0,0,0,0,0,0,0,1,0,0,0,0,0,0,0,0,0,0,80,0,2,0,0,0,0,0,0,0,0,0,0,0,0,0,0,0,0,0,32,0,0,0,0,4,0,1,0,0,1,0,0,0,1,0,0,0,0,0,0,0,0,0,0
2020-10-05,1,0,0,0,0,0,0,1,2,0,0,2,0,0,0,0,5,0,0,0,0,0,0,0,6,1,0,1,1,14,0,5,0,2,0,0,2,0,1,3,2,0,0,0,0,0,2,80,0,1,0,1,0,0,15,0,2,2,0,0,0,0,3,4,0,0,0,1473,0,0,0,0,7,0,1,0,0,1,1,0,0,0,0,0,0,0,0,0,0,0,0,1
2020-10-06,7,3,4,7,4,9,6,31,26,5,12,67,9,1,2,1,125,14,0,2,0,11,8,0,59,0,5,22,15,8,0,0,19,1,18,1,52,0,7,32,9,1,7,0,5,2,3,78,14,41,1,2,4,1,5,4,1,1,3,0,10,4,18,4,0,1,4,1061,1,8,7,7,48,13,11,1,0,9,0,14,3,2,0,0,5,24,1,16,3,2,3,24
2020-10-07,33,0,29,2,12,3,3,74,86,1,1,31,4,2,1,0,33,4,1,2,0,4,4,0,53,0,24,4,23,19,0,1,2,1,14,8,41,1,53,40,19,8,10,1,2,0,10,66,41,54,3,5,6,1,4,0,3,3,2,1,13,2,23,8,1,1,28,843,0,3,1,2,76,6,19,0,0,10,0,3,7,3,0,0,5,60,0,12,5,6,10,24
2020-10-08,76,1,18,3,4,4,13,57,102,3,5,31,6,1,5,1,111,8,5,5,38,3,10,0,107,12,36,4,43,14,1,5,32,8,26,3,93,2,122,18,32,1,19,3,1,1,26,66,34,99,9,8,13,1,16,1,13,4,2,0,39,4,33,32,5,0,50,655,0,23,3,7,148,20,90,1,1,7,1,3,6,13,9,5,10,59,0,25,8,1,4,62
2020-10-09,23,1,6,0,5,5,7,10,52,0,0,7,2,0,0,0,25,5,0,1,4,2,2,0,99,0,27,9,16,14,0,3,18,2,3,14,53,1,25,4,16,6,14,1,1,0,11,66,13,41,23,0,0,1,3,3,5,1,0,3,16,1,115,4,0,0,4,804,1,2,0,0,101,6,15,0,2,7,4,6,1,3,0,0,1,113,2,20,18,1,0,40
2020-10-10,59,0,15,0,2,3,2,13,91,0,1,7,2,2,4,0,40,22,0,2,0,1,2,0,36,8,22,2,4,7,0,5,3,1,6,0,54,2,6,4,96,4,12,1,3,1,5,78,24,78,1,3,4,1,8,1,4,3,7,0,15,12,76,2,1,0,6,212,0,2,4,0,81,11,18,0,0,5,2,6,18,8,0,6,3,39,1,11,3,1,1,21
2020-10-11,0,0,0,0,0,0,1,1,1,1,0,0,2,0,0,0,0,0,0,2,0,0,1,0,19,0,40,0,6,5,0,0,0,0,0,0,0,2,4,0,0,0,1,0,0,0,1,78,4,6,0,1,0,0,28,0,0,0,0,0,0,0,2,1,0,0,8,37,0,0,0,0,7,0,3,0,1,1,0,0,0,0,0,0,0,3,0,0,0,0,0,1
2020-10-12,0,0,0,3,0,0,0,1,3,0,0,0,0,0,0,0,2,2,0,0,1,0,0,0,2,4,0,0,0,1,0,1,0,0,0,0,8,3,1,0,0,0,3,0,0,0,1,78,1,6,0,0,0,0,0,0,0,4,0,0,0,1,0,8,1,0,38,0,0,0,0,0,1,0,3,0,0,1,0,0,1,1,2,0,0,1,0,0,0,0,0,0
2020-10-13,0,0,0,0,0,0,0,1,1,0,0,0,0,0,0,0,3,5,4,0,0,0,0,0,3,0,0,0,2,1,0,0,0,0,0,0,4,0,0,0,0,0,2,0,0,0,1,78,0,0,1,0,2,0,10,0,3,0,0,0,0,0,1,1,0,0,15,27,0,0,0,0,20,4,0,0,0,0,0,0,0,0,0,0,0,0,0,0,0,0,5,1
2020-10-14,11,0,3,4,8,0,2,35,22,1,2,20,0,1,3,0,171,4,0,0,1,1,2,0,28,5,17,12,12,5,1,4,9,6,4,0,38,0,5,1,22,10,7,2,4,1,8,42,37,61,22,2,7,2,5,4,0,1,3,2,5,6,98,8,0,0,4,96,0,0,1,0,60,6,10,1,0,5,0,1,3,2,0,1,5,90,0,28,7,11,2,22
2020-10-15,15,1,17,0,3,0,3,18,16,0,0,37,3,1,2,1,39,3,2,2,4,9,1,0,38,0,12,5,22,9,0,1,16,3,4,1,23,0,53,13,2,2,16,1,3,2,5,40,55,40,1,8,9,0,11,2,3,5,3,3,2,3,59,18,0,0,4,91,1,13,0,0,56,0,23,1,5,7,3,4,4,9,0,2,0,144,0,12,2,0,3,23
2020-10-16,33,2,14,1,2,1,2,23,105,1,5,8,7,0,3,0,124,8,1,2,3,0,5,0,34,4,21,9,9,8,0,1,8,6,4,0,33,0,15,5,5,1,24,2,0,1,4,40,8,79,2,6,3,1,3,0,8,3,2,1,9,12,49,9,1,0,66,2043,0,1,2,0,78,23,17,1,2,3,4,3,4,10,0,4,6,33,1,23,6,14,5,29
2020-10-17,3,0,0,0,0,0,1,2,2,0,0,0,1,0,0,0,2,0,0,0,0,0,0,0,0,0,0,1,0,0,0,0,2,0,3,0,3,0,1,0,1,0,0,0,0,0,0,0,1,2,0,0,0,0,0,0,0,0,0,0,0,0,0,0,0,0,0,96,0,0,0,2,3,0,2,0,0,0,0,0,0,0,0,0,0,0,0,0,0,0,0,1
2020-10-18,25,0,12,5,15,1,3,19,73,2,0,8,1,0,1,0,59,16,0,4,3,1,2,0,26,1,10,15,6,11,0,2,17,1,4,1,37,2,29,44,20,1,7,0,1,1,6,224,48,53,8,3,14,0,9,3,0,7,3,0,15,2,15,15,0,0,3,91,1,3,2,1,71,12,16,1,0,6,7,43,0,2,0,3,1,59,0,9,7,6,2,52
2020-10-19,0,0,0,0,0,0,0,0,1,0,0,0,0,3,0,0,0,0,0,0,0,1,0,0,0,0,0,3,1,0,0,0,0,0,0,0,1,0,0,0,0,0,0,0,0,0,0,112,0,2,0,0,0,0,1,0,0,0,0,0,0,0,0,0,0,0,1,398,0,0,0,0,10,0,1,0,0,0,0,0,0,0,0,0,0,0,0,0,0,0,0,0
2020-10-20,33,0,7,6,1,2,6,9,83,0,1,25,5,1,6,0,49,2,6,2,1,6,7,0,23,5,0,4,2,13,0,2,10,0,0,0,117,0,6,19,5,8,4,2,20,0,3,112,23,29,2,10,0,0,50,5,18,5,0,0,2,15,8,5,0,0,12,177,4,6,6,1,17,0,9,1,2,9,4,5,1,1,2,6,5,46,1,25,3,0,9,71
2020-10-21,10,0,17,0,8,2,4,41,70,0,0,29,2,2,3,2,65,3,3,4,2,0,11,0,25,1,3,5,9,4,0,2,5,2,3,1,44,0,4,3,10,0,7,1,1,0,11,70,39,34,0,8,4,3,2,1,11,0,3,0,3,0,23,14,1,0,3,487,0,3,3,2,39,7,10,0,0,9,6,0,16,2,0,0,4,21,2,11,3,6,1,49
2020-10-22,9,0,7,0,4,0,1,8,36,0,0,10,1,0,0,0,77,10,3,1,4,1,1,0,16,1,2,8,13,3,0,1,6,2,2,0,37,0,6,18,6,2,9,1,3,0,7,70,14,17,0,2,3,1,3,0,1,5,2,0,5,3,18,5,2,0,8,452,0,1,1,0,43,3,13,0,1,4,1,5,12,5,11,3,2,15,0,12,1,6,0,15
2020-10-23,29,0,1,1,0,0,7,6,70,0,0,5,3,0,1,0,66,5,5,1,2,1,3,0,26,0,0,0,11,8,0,3,4,1,5,4,91,0,3,31,7,2,8,5,5,1,7,72,30,37,0,3,0,2,11,3,1,5,1,0,18,2,22,6,0,0,27,422,0,6,1,2,478,12,10,0,1,2,3,9,4,36,0,2,0,70,0,15,4,1,0,30
2020-10-24,63,0,2,5,2,0,3,38,82,0,3,9,1,1,2,0,115,1,1,6,0,3,4,2,31,0,4,13,11,11,0,4,11,0,7,23,22,2,4,20,9,0,10,2,3,22,10,90,45,65,15,17,17,0,38,1,3,4,5,0,4,3,27,5,1,0,16,564,2,9,0,0,232,39,11,0,1,2,0,6,3,3,0,1,2,114,0,46,6,4,29,34
2020-10-25,46,0,0,1,0,0,2,6,1,0,0,2,1,0,1,0,9,1,5,0,0,0,0,1,9,4,1,0,1,3,0,0,0,0,4,0,8,2,0,1,1,0,1,0,0,0,0,90,2,4,0,1,0,0,4,7,13,0,0,0,1,0,1,2,0,0,2,220,0,0,0,0,81,0,9,0,0,0,0,0,2,0,0,0,0,6,0,0,0,0,3,2
2020-10-26,53,7,45,2,12,11,32,47,120,4,10,30,13,1,1,0,66,2,5,7,96,12,0,1,254,7,15,10,131,37,6,10,32,4,40,10,85,2,87,15,77,7,159,4,1,4,56,90,86,211,58,11,46,2,52,9,8,3,1,3,37,5,49,82,6,3,93,172,4,1,7,12,317,13,95,3,3,27,1,9,23,12,9,2,12,40,0,37,12,1,8,61
2020-10-27,2,0,6,18,0,5,17,30,92,2,1,30,21,0,2,0,141,5,9,4,0,3,8,0,27,2,6,8,8,27,0,1,16,4,4,6,66,0,7,20,5,13,6,4,3,0,7,76,39,55,9,10,0,0,3,5,17,6,3,0,15,5,3,11,0,1,7,788,2,4,0,0,124,23,49,0,2,4,2,9,0,1,0,2,1,142,1,59,7,4,3,30
2020-10-28,18,0,4,0,9,0,3,19,16,0,6,6,4,1,3,0,72,2,0,1,53,13,2,0,38,2,5,1,11,10,2,8,19,2,2,1,53,0,6,5,7,0,5,0,2,2,6,76,34,40,3,8,0,3,20,2,3,6,0,0,6,4,45,12,1,0,15,577,1,3,0,0,107,15,19,0,3,4,2,6,8,5,104,1,6,60,0,26,8,3,4,109
2020-10-29,42,0,12,0,2,2,2,13,74,0,0,0,1,0,2,1,60,0,0,0,15,0,0,0,35,0,1,3,18,13,0,1,12,1,1,1,34,2,79,2,11,1,2,0,2,1,1,78,71,33,1,3,1,0,16,1,3,0,0,0,3,0,19,9,0,0,4,477,0,8,0,0,108,1,13,0,0,4,0,0,3,9,0,1,0,105,1,23,0,1,1,43
2020-10-30,27,0,41,0,0,0,5,41,39,0,5,13,1,2,3,0,15,3,11,0,4,4,2,0,37,1,2,12,10,5,0,3,15,0,0,0,76,0,44,5,13,1,19,1,2,2,9,86,12,53,0,13,2,3,22,6,0,15,1,0,4,5,8,9,3,0,35,402,2,0,4,0,120,5,17,0,1,9,1,3,1,0,0,4,5,89,0,22,2,0,5,37
2020-10-31,0,0,1,0,0,0,0,0,0,0,0,0,1,0,0,0,0,0,0,0,0,0,0,0,0,0,1,0,0,0,0,0,0,0,0,0,1,0,0,0,1,0,1,0,0,0,0,86,2,9,0,0,0,0,0,0,1,0,0,0,0,0,0,0,0,0,0,366,0,0,0,0,0,0,1,0,0,0,0,0,0,0,0,0,0,5,0,0,0,0,0,5
2020-11-01,13,0,5,0,0,0,3,29,9,2,1,5,1,2,9,0,44,3,3,2,1,1,3,0,61,1,3,9,5,1,0,3,2,0,0,0,113,1,26,1,31,1,10,0,0,3,14,86,21,23,2,5,1,0,18,3,17,3,2,0,2,4,0,8,4,0,7,300,0,1,1,1,29,8,15,0,0,6,0,4,0,2,2,0,1,4,0,0,3,3,6,26
2020-11-02,1,0,0,4,0,0,0,4,0,4,0,0,1,0,0,0,3,0,1,6,0,0,0,0,6,0,0,0,0,0,0,3,0,0,1,4,66,1,0,1,0,0,0,0,0,0,1,86,0,7,0,1,1,0,2,2,0,0,0,0,0,1,1,0,0,0,1,92,0,0,1,0,10,0,7,0,1,0,0,0,0,1,0,0,0,0,0,1,1,0,0,1
2020-11-03,0,7,2,4,11,1,1,4,0,1,10,6,0,1,0,0,3,1,9,0,0,4,0,0,3,0,26,0,0,0,6,9,2,4,0,0,50,0,1,1,2,2,0,4,0,0,1,89,0,4,0,2,0,0,11,0,0,0,0,0,1,2,0,14,0,0,4,233,0,0,1,0,11,1335,2,0,1,2,0,0,0,0,0,0,0,0,0,1,4,0,0,2
2020-11-04,7,0,5,0,0,9,6,13,6,1,4,15,5,0,4,1,49,0,0,1,2,9,1,0,33,0,1,10,5,12,0,2,9,0,5,0,33,0,4,0,0,4,7,0,2,0,3,68,17,28,12,10,3,3,18,6,1,5,1,3,1,0,28,1,6,3,3,606,4,5,3,2,136,1314,4,3,0,3,1,2,0,2,0,0,5,58,0,38,2,1,4,18
2020-11-05,26,3,1,0,2,3,5,30,5,4,7,13,2,1,0,1,46,4,1,0,1,6,3,0,30,0,24,9,9,20,1,0,6,9,5,0,18,1,20,29,9,13,9,3,1,6,4,68,12,27,7,0,0,1,4,1,4,3,1,5,2,1,19,11,0,0,7,370,0,0,7,11,58,2,27,0,2,22,0,0,16,6,9,0,10,18,0,9,3,6,3,24
2020-11-06,0,0,0,0,0,0,0,0,0,0,0,0,0,0,0,0,0,0,0,0,0,0,0,0,0,0,0,0,0,0,0,0,0,0,0,0,0,0,0,0,0,0,0,0,0,0,0,70,0,0,0,0,0,0,0,0,0,0,0,0,0,0,0,0,0,0,0,896,0,0,0,0,0,0,0,0,0,0,0,0,0,0,0,0,0,0,0,0,0,0,0,0
2020-11-07,0,0,0,0,0,0,0,0,0,0,0,0,0,0,0,0,0,0,0,0,0,0,0,0,0,0,0,0,0,0,0,0,0,0,0,0,0,0,0,0,0,0,0,0,0,0,0,80,0,0,0,0,0,0,0,0,0,0,0,0,0,0,0,0,0,0,0,459,0,0,0,0,0,0,0,0,0,0,0,0,0,0,0,0,0,0,0,0,0,0,0,0
2020-11-08,33,2,27,1,19,7,8,16,86,4,2,76,2,3,10,1,340,14,18,1,89,16,1,0,143,9,42,27,88,38,2,10,52,2,30,1,40,9,102,3,20,3,131,8,4,12,41,80,70,30,55,30,42,5,9,12,7,34,1,0,9,7,21,72,9,0,63,138,0,4,5,2,173,39,62,1,3,17,4,13,5,14,45,0,39,234,2,40,6,19,19,127
2020-11-09,0,0,1,0,0,0,0,10,1,0,1,0,0,1,0,0,2,3,0,0,1,0,0,0,1,0,0,0,0,1,0,4,0,0,0,0,36,0,0,0,2,0,0,0,0,0,0,80,1,1,0,0,0,0,0,0,0,0,0,0,0,1,0,9,0,0,4,232,0,0,0,0,7,0,1,0,2,0,0,0,0,0,1,0,0,0,0,0,0,0,1,1
2020-11-10,71,0,10,5,0,3,7,27,43,2,14,67,28,0,5,0,111,9,0,0,6,5,5,1,71,4,0,12,7,34,0,0,43,2,4,3,56,0,41,17,21,1,14,3,9,3,15,85,54,77,3,13,3,0,26,6,0,11,1,2,10,5,22,25,9,0,9,754,0,4,6,0,97,23,21,1,1,4,0,13,2,10,10,0,11,104,0,56,3,14,15,89
2020-11-11,51,0,13,0,0,0,0,12,45,3,2,7,3,0,2,0,96,1,6,0,33,6,0,0,33,1,26,3,6,8,1,0,8,1,0,4,49,0,16,7,9,0,6,2,1,4,4,199,14,47,0,3,1,4,20,1,8,6,0,5,2,0,3,1,3,0,10,593,0,7,4,1,108,5,12,5,0,3,0,1,11,5,1,1,1,58,2,4,4,5,2,16
2020-11-12,23,0,23,0,0,1,1,5,10,1,0,13,11,0,4,0,53,4,1,2,0,1,8,0,32,1,15,5,8,16,0,1,22,2,8,0,24,0,46,2,17,0,10,1,0,1,5,0,35,37,0,0,1,0,27,0,0,6,0,0,4,2,17,19,5,0,5,1038,5,8,1,0,44,0,17,0,0,3,0,1,3,6,7,1,5,60,0,6,3,1,7,36
2020-11-13,6,0,2,0,1,0,0,0,2,0,0,0,1,0,0,0,5,1,0,0,0,0,1,0,6,0,0,0,4,0,0,0,0,0,0,0,6,0,1,0,1,0,1,0,0,0,4,0,0,9,0,0,0,0,0,0,0,0,0,1,0,0,3,0,2,0,0,551,0,0,0,1,0,0,5,0,0,0,0,0,4,0,0,0,1,0,0,1,0,0,0,3
2020-11-14,116,3,65,0,0,2,19,62,31,1,7,24,6,2,45,1,142,17,4,1,2,26,12,0,132,10,30,30,28,32,0,13,37,6,4,0,125,0,117,7,38,3,18,6,2,21,12,280,69,66,5,15,6,8,46,15,14,18,21,5,12,11,100,13,6,0,27,960,0,6,6,3,158,28,41,1,7,13,0,6,21,15,5,4,10,146,2,46,19,11,12,123
2020-11-15,0,0,0,0,0,0,0,0,0,0,0,0,0,0,0,0,4,0,0,0,0,0,0,0,0,0,0,0,0,0,0,0,0,0,0,0,0,0,0,0,0,0,0,0,0,0,1,37,0,0,0,0,0,0,0,0,0,0,0,0,0,0,0,0,0,0,0,268,0,0,0,0,1,0,0,0,0,0,0,0,0,0,0,0,0,0,0,0,0,0,0,0
2020-11-16,19,1,3,0,0,0,2,6,5,0,0,4,0,0,3,0,7,4,1,0,1,1,0,0,14,6,0,0,1,1,0,12,0,0,0,0,94,0,3,1,0,0,4,2,0,0,0,37,4,7,0,0,3,0,49,1,1,0,0,0,1,3,0,3,2,0,11,133,0,0,2,0,6,13,8,0,1,1,0,0,0,0,1,0,1,0,0,0,1,0,2,13
2020-11-17,9,0,11,3,0,4,1,74,21,0,15,46,8,0,5,1,62,5,0,2,5,15,3,0,84,0,43,3,7,14,0,7,12,3,0,0,54,0,86,46,3,0,4,1,14,3,9,39,36,46,4,10,1,1,61,4,11,11,5,0,5,9,23,29,4,0,18,1097,0,11,1,0,59,8,63,0,1,3,0,8,1,2,1,0,7,148,1,48,3,1,4,87
2020-11-18,43,0,5,1,2,3,3,43,24,5,17,33,3,1,8,0,110,5,0,4,5,0,5,0,75,1,0,13,8,13,0,3,53,2,1,0,52,2,18,36,6,4,12,0,4,6,14,102,50,61,19,12,2,0,17,3,4,11,1,0,10,6,19,10,6,0,16,913,0,7,2,1,53,14,29,0,3,5,2,0,26,4,1,2,9,165,1,16,16,18,11,97
2020-11-19,9,0,24,0,4,3,5,78,16,1,7,24,10,2,21,0,88,4,5,7,18,6,3,0,53,7,2,13,14,8,0,11,39,0,2,0,59,1,20,8,5,1,10,2,0,2,13,27,64,38,25,3,0,4,1,11,11,9,3,1,18,3,6,10,2,0,21,797,0,8,3,2,109,0,33,0,1,2,7,1,1,9,0,4,5,195,2,20,5,11,1,40
2020-11-20,11,0,17,0,2,3,25,18,41,5,14,72,0,2,3,0,108,5,4,1,54,12,6,0,42,0,5,24,14,13,0,2,20,0,0,0,85,2,3,32,6,0,15,3,6,1,18,27,20,34,2,8,4,1,10,8,7,9,2,4,11,1,14,13,5,0,11,1004,0,3,3,1,100,14,25,1,6,9,1,18,1,5,3,10,7,173,2,53,11,9,4,53
2020-11-21,0,0,1,0,0,0,0,0,0,0,0,0,1,0,0,0,2,0,0,0,0,0,0,0,2,0,0,0,3,0,0,0,0,0,0,0,0,0,0,0,0,0,1,0,0,0,2,27,2,1,0,0,0,0,0,0,0,0,0,0,1,0,0,0,0,0,0,314,0,0,0,0,2,0,4,0,0,0,0,0,1,0,0,0,0,0,0,0,0,0,0,0
2020-11-22,0,3,2,0,0,1,1,6,8,0,0,4,2,3,8,0,34,6,1,0,0,7,0,0,31,1,0,0,3,0,0,11,3,0,1,1,112,0,6,2,10,6,2,4,1,0,4,27,6,23,0,2,2,4,22,6,0,3,0,0,2,2,8,9,0,0,8,292,3,1,1,1,45,14,18,1,16,3,0,0,0,1,0,1,2,108,0,0,2,2,0,7
2020-11-23,3,0,2,0,0,1,1,2,3,1,0,0,1,0,1,0,9,0,1,0,0,1,0,0,2,0,0,0,0,0,0,3,0,0,0,0,83,0,0,0,3,1,1,0,0,0,1,27,4,3,1,0,2,0,0,0,0,1,0,0,0,2,0,1,0,0,3,192,0,0,0,0,24,0,2,0,9,3,0,1,1,1,0,0,0,49,0,0,0,0,6,33
2020-11-24,4,1,9,0,3,1,22,24,25,1,0,5,2,1,3,0,64,7,3,0,5,4,7,2,29,9,1,4,5,7,0,11,4,3,0,0,71,2,36,11,2,1,5,9,10,10,0,30,46,36,4,3,3,0,13,8,27,6,0,0,8,19,32,35,2,0,15,916,0,2,1,0,44,27,20,0,7,0,0,11,0,9,2,5,2,210,3,36,3,45,14,78
2020-11-25,60,0,4,0,0,2,10,70,17,1,0,39,12,3,15,0,171,6,1,10,11,9,0,1,95,1,8,15,35,31,0,13,47,0,6,1,34,4,20,17,8,3,29,5,11,4,23,100,73,64,8,25,1,15,10,19,1,16,9,2,10,13,41,2,5,0,19,1487,0,1,3,0,97,0,25,4,4,3,1,10,5,12,3,1,12,93,3,35,10,15,1,52
2020-11-26,22,2,2,1,2,4,5,15,13,1,2,24,11,7,14,0,47,4,6,0,0,20,0,0,32,13,16,7,8,7,0,7,23,1,1,0,29,0,15,1,7,1,7,5,0,0,12,269,53,39,11,20,1,6,21,1,9,9,2,2,12,7,38,16,3,0,8,838,2,2,5,2,56,0,23,1,8,2,4,3,13,4,5,5,10,48,0,16,1,23,1,36
2020-11-27,24,0,1,0,0,1,9,5,3,0,0,5,1,3,14,0,62,1,7,0,6,19,1,0,18,0,1,4,3,4,0,1,27,3,0,0,39,0,12,3,1,0,1,1,4,1,2,270,15,11,0,17,4,0,7,0,27,3,0,3,2,8,36,0,1,0,9,419,0,0,2,3,28,1,4,0,0,0,0,2,7,1,0,1,7,47,3,21,1,0,24,53
2020-11-28,112,3,7,0,29,3,57,152,30,4,3,32,9,0,41,0,223,17,4,23,98,13,23,1,117,1,53,34,33,45,0,10,23,8,5,9,206,8,61,6,57,16,22,1,13,5,55,113,142,76,31,20,4,2,31,5,24,45,15,3,20,4,73,36,9,3,34,2100,30,30,15,3,141,56,40,0,7,10,2,16,14,6,25,13,11,224,6,63,10,69,33,126
2020-11-29,3,0,0,0,0,0,0,0,1,0,0,0,0,0,0,0,2,0,0,0,0,0,0,0,0,0,0,1,2,1,0,0,0,0,0,0,0,0,0,0,2,0,0,0,0,0,0,90,0,1,0,0,0,0,0,0,0,0,0,0,1,0,0,0,0,0,0,450,0,0,0,0,0,0,2,0,0,0,0,0,0,0,0,0,0,0,0,0,0,0,0,0
2020-11-30,75,2,1,0,0,0,1,2,8,0,0,3,3,1,5,0,10,8,4,9,0,9,1,1,27,16,117,0,7,3,0,7,3,0,1,0,95,0,2,1,6,3,4,0,0,0,27,90,11,25,23,11,7,1,2,16,0,0,0,0,3,9,0,25,0,0,10,217,1,0,2,1,51,0,14,0,15,2,0,12,0,0,0,0,2,1,2,0,7,0,9,7
2020-12-01,25,0,3,1,2,3,7,62,34,7,1,23,10,9,32,2,80,1,5,30,0,11,10,0,68,21,47,18,21,17,0,20,36,2,3,10,38,14,16,26,51,3,11,2,15,3,19,90,100,45,10,15,8,51,15,18,39,3,3,1,13,19,16,5,3,0,9,1637,0,1,16,2,128,13,40,1,4,12,2,3,2,7,1,0,19,113,9,75,3,29,2,227
2020-12-02,63,0,5,0,0,6,4,37,46,8,5,23,13,3,8,0,94,10,2,9,2,2,12,0,44,10,9,14,12,16,1,8,30,6,4,0,48,1,65,17,173,29,22,17,12,0,45,199,72,110,2,10,8,1,42,14,15,8,0,5,9,1,13,23,0,1,22,1367,0,2,4,2,114,39,40,4,25,25,2,4,2,8,24,0,31,63,4,19,11,19,0,116
2020-12-03,15,2,14,1,10,1,12,95,20,15,2,33,13,1,9,0,204,6,6,10,24,11,6,1,67,0,28,8,19,37,2,5,86,5,5,0,109,6,8,22,110,0,11,4,19,20,21,165,116,72,21,6,2,1,13,11,7,62,23,0,29,19,34,26,1,0,31,1367,2,0,11,3,206,1,19,2,43,10,12,1,10,11,27,1,7,115,6,16,31,11,11,123
2020-12-04,25,0,7,0,4,1,4,25,50,3,20,23,9,1,20,1,85,11,0,15,3,5,23,0,29,0,7,8,14,4,0,12,33,3,0,0,51,0,8,6,89,10,5,0,9,4,6,164,99,24,3,1,2,0,10,6,35,3,0,2,7,0,48,5,13,0,46,961,0,43,2,1,57,25,24,2,13,10,1,1,15,4,7,8,15,53,8,0,11,19,1,74
2020-12-05,73,0,5,0,0,1,17,25,8,5,0,97,1,5,40,0,62,20,2,19,0,10,13,0,55,0,0,7,5,1,0,13,34,3,1,2,62,11,0,1,20,44,2,8,1,0,12,200,43,19,3,4,2,0,5,5,6,6,15,1,4,9,19,12,4,0,28,1007,1,32,9,1,107,38,47,0,16,6,7,4,17,7,0,0,2,133,4,2,4,19,1,92
2020-12-06,8,1,1,0,0,1,1,7,7,0,0,8,1,0,3,0,10,9,0,2,1,0,0,1,11,0,0,0,4,0,0,2,1,0,0,0,22,0,3,0,4,2,2,7,0,0,3,146,7,7,1,2,10,0,14,0,0,0,0,0,0,3,0,0,1,1,137,294,1,0,1,1,28,0,3,0,15,1,1,0,0,0,0,0,0,0,0,0,11,0,0,1
2020-12-07,2,0,1,0,0,0,0,0,0,0,0,0,0,0,0,0,0,0,0,0,0,0,0,0,1,0,0,0,0,1,0,0,0,0,0,0,0,0,0,0,0,0,0,0,0,0,0,146,0,0,0,0,0,0,0,0,0,0,0,0,0,0,0,0,0,0,0,148,0,0,0,0,1,0,1,0,0,0,0,0,0,0,0,0,0,0,0,0,0,0,0,0
2020-12-08,4,1,45,1,4,8,26,31,16,5,1,49,6,14,2,0,158,31,1,13,15,72,32,0,61,15,3,22,30,8,1,4,29,3,0,7,109,2,1,1,4,4,4,9,1,0,15,146,85,51,1,40,0,1,12,44,98,4,0,0,2,26,4,1,32,0,98,1122,1,2,12,4,69,15,24,0,41,7,0,0,1,7,1,1,22,106,2,20,45,21,18,323
2020-12-09,2,8,1,0,94,2,20,81,9,0,0,80,1,1,14,0,133,30,0,51,8,1,0,0,60,28,8,1,25,4,0,56,40,2,1,6,50,1,6,0,93,33,1,0,0,0,13,201,50,26,6,5,3,0,24,8,3,4,2,6,1,2,3,7,3,0,12,1454,0,0,4,2,99,11,12,12,44,9,0,1,5,3,0,1,40,75,0,83,3,12,9,122
2020-12-10,3,1,25,0,101,1,12,76,15,3,37,40,3,2,15,0,114,18,11,15,11,2,26,1,52,0,5,21,17,6,0,11,52,2,5,0,67,0,7,1,13,14,5,16,44,15,13,196,122,48,6,13,7,6,42,9,9,10,3,0,4,7,34,49,0,0,23,1467,0,0,2,0,116,6,23,2,50,7,2,4,21,4,12,13,19,140,7,28,8,18,4,121
2020-12-11,3,4,4,0,46,3,7,40,4,8,0,21,8,4,9,1,119,19,2,35,19,0,6,2,88,0,3,22,9,11,1,1,41,1,5,0,48,0,6,6,12,30,6,23,31,0,10,196,84,45,1,21,3,1,27,5,20,15,8,0,34,2,41,3,0,0,7,1388,0,15,2,0,105,19,19,9,46,2,2,49,2,14,0,10,13,118,5,24,3,15,0,207
2020-12-12,70,0,5,2,23,3,6,64,9,2,1,78,6,4,14,0,157,24,5,33,2,0,3,0,99,17,12,17,13,11,0,1,50,3,3,0,55,15,5,2,15,28,5,19,27,0,9,300,70,42,38,18,14,2,28,12,32,33,17,2,1,8,21,36,2,2,16,1138,0,39,8,1,83,27,39,0,23,5,0,10,18,17,0,5,22,122,1,5,18,22,11,264
2020-12-13,1,0,1,0,0,1,1,1,3,0,0,0,1,5,0,0,21,19,1,0,1,1,6,0,3,1,7,0,3,0,0,0,2,0,1,0,9,2,2,0,0,0,1,54,0,0,1,217,2,12,3,3,0,7,52,0,10,0,0,0,1,1,0,0,0,0,43,131,0,0,1,1,16,9,2,0,9,1,0,0,0,1,0,0,0,2,0,0,0,0,0,21
2020-12-14,1,1,7,0,1,0,9,1,3,0,0,3,1,0,0,0,21,3,7,0,1,0,0,0,36,0,0,0,1,0,0,0,0,0,0,0,77,0,1,0,1,0,0,0,0,0,2,215,3,18,0,2,0,0,2,2,15,1,0,0,2,8,0,21,0,0,43,190,0,0,0,2,38,5,7,1,2,1,0,1,8,0,1,0,2,1,0,0,0,0,0,0
2020-12-15,16,0,0,3,1,1,7,36,4,5,3,57,1,3,4,0,22,4,0,3,2,7,3,1,28,2,0,3,3,7,0,1,12,1,0,0,30,1,1,0,21,0,3,11,3,11,4,215,41,19,2,8,2,0,7,18,10,8,0,1,2,23,42,1,5,0,5,362,0,0,0,0,51,3,8,9,16,5,0,1,1,4,5,2,6,56,2,61,2,0,1,128
2020-12-16,170,1,10,0,52,5,47,125,11,13,1,112,8,23,8,0,82,31,9,3,58,6,15,1,58,19,41,55,18,14,1,26,62,8,2,1,60,0,6,2,41,52,10,26,20,2,32,111,187,65,2,6,2,1,32,11,74,29,1,0,34,43,63,15,27,0,70,1134,0,34,28,4,55,30,33,1,23,9,0,14,2,4,2,0,30,200,9,13,40,35,9,207
2020-12-17,39,1,31,8,53,18,45,68,19,1,0,111,38,3,28,0,45,19,5,10,30,0,19,0,64,11,8,46,12,12,0,5,42,2,2,1,75,0,5,4,42,69,7,18,9,1,7,100,152,39,13,10,6,1,28,21,23,38,5,9,13,8,46,48,12,0,25,1156,0,62,11,0,89,0,22,0,4,33,5,2,9,3,8,11,3,182,4,31,9,0,7,212
2020-12-18,72,0,5,0,80,5,81,29,178,2,0,65,0,1,6,0,21,16,2,17,54,3,13,2,113,22,33,26,23,16,1,7,29,11,1,0,88,7,13,5,49,13,3,8,7,0,14,100,79,40,1,5,5,2,29,20,23,25,4,25,27,20,11,7,13,0,33,1251,0,16,57,0,103,39,48,2,13,9,1,28,14,3,9,5,8,158,3,1,10,11,6,196
2020-12-19,0,0,0,0,0,0,1,0,1,0,0,0,0,0,0,0,3,0,0,0,2,0,0,0,1,0,0,0,0,1,0,0,0,0,0,0,0,0,0,0,1,0,0,0,0,0,0,200,0,1,0,0,0,0,1,0,0,0,0,0,1,1,0,2,0,0,0,955,0,0,0,0,1,0,2,0,0,0,0,0,0,0,0,1,2,0,0,2,0,0,0,1
2020-12-20,188,0,16,0,43,4,39,122,362,3,0,56,8,5,20,0,33,37,6,11,116,0,7,1,56,18,33,21,12,41,0,3,36,2,1,0,93,0,10,3,36,13,4,67,7,0,7,171,104,62,36,15,1,3,42,16,19,12,1,4,43,20,58,95,43,0,137,194,0,19,5,1,107,15,32,0,44,7,2,7,8,5,1,7,17,84,0,5,14,24,3,137
2020-12-21,6,0,1,0,0,0,7,3,0,0,0,4,1,0,0,0,5,4,11,15,0,1,0,1,12,57,0,0,1,0,1,0,3,0,0,0,58,5,0,0,0,0,0,0,0,0,0,171,14,0,0,0,15,0,8,7,9,0,0,0,8,12,0,12,7,0,4,235,0,0,14,1,17,0,2,0,2,0,0,0,5,0,0,0,0,12,0,0,0,0,4,0
2020-12-22,28,0,19,10,17,3,18,39,384,35,32,109,13,8,15,0,56,22,1,1,28,0,144,1,55,17,19,57,6,5,1,31,37,7,1,7,33,0,4,0,24,5,8,14,12,0,11,171,151,58,23,59,3,40,28,32,81,16,0,0,30,3,46,50,10,2,46,875,0,1,4,0,73,22,58,0,11,20,1,3,2,4,0,17,24,73,3,3,5,17,17,375
2020-12-23,29,0,10,0,47,2,10,46,101,8,24,64,9,2,7,0,169,7,2,14,22,3,75,2,36,2,68,25,11,4,0,8,60,4,1,5,52,1,8,0,54,0,7,2,14,0,14,100,99,27,41,9,1,2,10,28,7,29,21,1,0,2,9,19,3,0,35,788,12,2,0,1,53,29,20,0,7,9,6,10,11,2,0,0,13,243,2,35,42,1,8,209
2020-12-24,80,6,10,0,45,1,13,68,370,24,2,77,7,4,3,0,224,31,4,5,11,9,44,6,64,12,36,7,11,9,3,2,39,18,0,33,78,6,1,5,64,6,10,24,0,1,11,179,103,63,23,24,2,3,29,24,41,4,57,10,40,1,25,42,5,0,42,1384,6,49,0,3,66,17,30,0,11,7,2,2,11,3,4,7,16,143,5,18,4,20,2,188
2020-12-25,0,2,0,0,0,0,0,0,0,0,0,6,0,0,0,0,0,2,0,0,0,0,0,0,3,0,0,0,2,0,0,0,0,0,0,0,0,0,0,0,5,0,0,0,0,0,0,68,0,6,0,0,0,0,0,0,0,0,0,0,0,0,0,0,0,0,0,504,0,0,0,0,0,0,1,0,0,0,0,0,1,0,0,0,0,0,0,0,0,0,0,3
2020-12-26,4,5,1,0,1,3,4,10,20,1,3,14,6,8,1,0,81,18,5,0,0,2,15,1,21,15,1,5,3,4,0,0,29,0,0,0,27,4,0,1,10,1,5,9,0,0,4,68,52,32,30,10,6,0,1,16,22,0,0,0,0,7,0,2,25,0,6,173,0,2,7,0,35,12,5,0,9,4,0,6,2,0,1,5,0,2,0,1,0,0,0,46
2020-12-27,57,0,1,0,1,1,0,1,57,0,0,9,0,0,1,0,8,6,1,7,2,1,0,2,35,0,0,0,2,1,0,0,0,0,0,0,23,12,2,0,1,0,0,33,0,0,1,68,1,6,0,7,6,0,35,31,20,0,0,0,11,6,0,0,0,0,23,461,3,0,0,0,15,1,6,0,4,0,0,3,0,0,0,4,0,0,0,0,9,0,0,9
2020-12-28,21,0,1,0,0,0,19,2,1,1,0,0,0,1,0,0,0,5,0,10,1,0,0,0,15,0,2,0,0,1,0,0,0,0,0,0,22,2,0,0,1,0,2,2,1,0,3,68,1,23,0,0,1,0,13,10,73,0,0,0,1,10,0,1,15,0,1,188,0,2,3,0,19,1,3,0,11,0,0,2,0,1,0,0,0,43,0,0,0,0,0,2
2020-12-29,100,2,9,0,48,3,7,82,297,17,35,57,9,2,21,0,98,46,1,35,35,1,63,0,80,23,9,18,9,38,0,21,20,18,7,0,89,10,6,5,60,18,10,2,9,1,9,68,169,110,21,53,0,42,32,65,22,40,1,0,3,26,37,73,7,0,15,1581,0,1,1,1,95,24,13,0,1,3,1,0,8,7,1,0,46,224,4,0,17,19,1,323
2020-12-30,0,0,0,0,0,0,0,1,2,0,0,2,0,0,0,0,2,0,0,0,0,0,0,0,6,0,1,0,1,1,0,0,0,0,1,0,5,0,0,0,1,0,1,2,0,1,2,4,0,5,0,0,0,0,7,0,0,0,1,0,1,0,1,4,0,0,0,2010,0,1,0,0,25,0,1,0,0,3,0,0,2,0,1,0,1,9,0,0,0,0,0,9
2020-12-31,336,0,9,3,255,5,85,123,548,19,4,176,15,9,10,0,220,35,28,28,65,9,50,3,99,21,8,24,42,21,1,16,157,10,12,6,268,8,7,31,160,89,22,5,15,5,24,108,343,139,18,52,10,83,76,53,25,10,42,10,23,19,556,92,24,0,55,297,0,15,12,4,182,51,39,0,15,25,18,32,4,6,1,4,79,230,8,7,9,20,48,345
2021-01-01,1,0,1,1,0,0,32,4,119,0,0,3,2,2,1,0,24,12,6,1,1,2,5,1,35,0,0,0,2,5,0,1,0,0,0,6,18,0,1,1,52,1,5,3,8,0,6,108,13,20,0,13,4,0,8,1,1,1,0,0,24,1,7,15,3,0,6,79,0,0,0,2,39,5,7,0,4,2,0,1,1,0,0,0,1,1,0,0,0,0,2,11
2021-01-02,0,0,0,1,0,0,0,0,1,0,0,9,0,4,1,0,0,5,0,0,0,0,0,0,8,0,0,0,2,0,0,0,0,0,0,0,6,5,1,0,1,0,0,1,0,1,3,108,1,7,0,1,0,1,5,2,18,0,0,3,0,3,0,0,1,0,3,5,0,0,0,1,4,0,0,0,1,0,0,0,0,1,0,0,0,0,0,0,0,0,0,0
2021-01-03,0,0,0,0,0,0,0,0,0,0,0,0,0,0,0,0,0,0,0,0,0,0,0,0,0,0,0,0,0,0,0,0,0,0,0,0,1,0,0,0,0,0,0,0,0,0,0,108,0,0,0,0,0,0,0,0,0,0,0,0,0,0,0,0,0,0,0,26,0,0,0,0,0,0,0,0,0,0,0,0,0,0,0,0,0,0,0,0,0,0,0,0
2021-01-04,2,0,1,0,0,1,111,6,5,0,0,10,0,0,3,0,9,16,0,8,0,3,0,0,37,0,28,1,5,5,0,11,0,0,1,0,106,0,7,36,2,0,4,25,0,0,5,108,11,34,0,3,8,0,0,26,44,0,64,11,1,3,34,20,14,0,14,2669,0,0,3,1,44,0,8,0,8,2,0,0,0,1,0,0,1,1,0,2,8,0,3,12
2021-01-05,55,0,38,0,16,7,6,123,185,32,41,142,14,0,2,0,135,15,1,20,42,35,11,0,29,39,12,14,6,52,1,11,12,3,12,1,168,1,4,11,43,12,3,2,23,13,7,108,133,60,12,17,3,31,15,15,25,14,2,2,37,28,148,45,22,0,22,1514,1,63,3,0,38,9,9,0,8,11,4,3,3,3,0,0,17,121,7,15,1,16,13,265
2021-01-06,97,0,11,0,14,13,89,79,73,11,2,126,9,3,19,0,255,12,12,13,15,1,26,0,124,2,6,9,47,38,0,8,45,10,8,0,135,7,32,15,116,8,15,3,10,30,11,300,122,65,21,8,6,2,24,16,3,4,5,36,22,1,129,17,0,0,19,1264,0,0,4,1,105,22,22,0,3,24,4,1,13,6,3,38,18,257,5,18,1,7,1,306
2021-01-07,17,0,50,0,59,9,16,183,221,3,0,95,8,2,6,0,267,10,2,11,0,4,17,0,72,12,12,13,12,23,1,5,21,19,3,0,115,6,9,1,50,35,6,111,2,21,5,284,171,83,22,5,11,28,24,22,16,29,3,8,75,2,120,27,16,0,37,1207,1,88,1,3,109,1,44,0,7,20,0,9,38,3,3,0,3,228,2,37,11,1,0,336
2021-01-08,3,0,0,0,0,0,0,1,1,0,0,2,0,0,0,0,3,0,0,0,0,1,0,0,1,1,0,0,7,0,0,0,0,0,0,0,0,0,1,0,0,0,1,0,1,0,1,284,8,5,0,0,0,0,16,0,0,0,0,0,0,0,0,1,0,0,1,1156,0,0,0,0,4,0,9,0,0,1,0,0,0,0,0,0,0,0,0,0,1,0,0,7
2021-01-09,76,0,49,0,20,10,108,165,253,21,23,152,17,1,16,1,717,24,21,23,3,16,48,1,157,21,10,20,34,22,0,20,28,20,3,0,176,11,81,3,185,13,12,41,30,0,26,200,212,81,5,86,18,6,29,69,47,63,9,4,15,56,275,13,16,0,42,292,1,13,4,4,252,46,60,0,19,23,1,1,1,6,0,4,11,334,7,123,5,13,14,433
2021-01-10,3,0,0,0,0,0,1,2,0,0,0,0,0,0,0,0,0,2,0,0,0,0,0,0,0,0,0,0,3,0,0,0,0,0,0,0,0,0,0,0,0,0,0,0,0,0,0,158,0,2,0,0,0,0,4,0,0,0,0,0,0,0,0,0,0,0,0,863,0,0,0,0,16,0,1,0,0,0,0,0,0,1,0,0,0,0,0,0,0,0,0,5
2021-01-11,1,0,0,0,0,1,0,4,3,0,0,11,1,0,0,0,7,14,2,3,1,0,0,0,27,0,0,0,12,0,0,0,0,0,0,0,40,2,1,0,0,0,1,29,0,0,0,156,6,14,0,9,0,1,16,12,2,0,0,0,1,1,0,2,0,0,4,193,0,0,3,0,17,0,5,0,10,1,0,0,0,0,0,0,0,0,0,0,9,0,0,12
2021-01-12,11,0,18,2,1,3,37,123,16,0,46,73,8,3,5,0,210,13,19,13,3,13,46,1,140,14,22,15,35,13,0,0,10,6,2,1,141,3,28,22,9,20,7,6,32,2,16,156,74,36,1,47,0,26,16,20,41,11,1,1,6,12,76,9,7,0,13,1105,1,1,5,6,99,44,24,0,11,12,0,8,26,2,0,4,7,95,3,15,2,10,32,316
2021-01-13,156,0,20,1,0,0,18,113,197,10,26,93,15,2,0,2,319,15,6,43,11,2,18,2,198,1,23,41,32,21,4,0,22,3,7,0,82,11,82,29,74,37,11,12,7,0,8,155,118,53,16,29,2,37,19,6,22,44,2,18,6,26,150,2,1,0,41,969,1,2,1,2,212,30,14,0,12,59,0,4,24,2,0,10,26,139,4,6,1,5,15,230
2021-01-14,99,0,61,0,15,9,68,99,249,5,48,78,30,3,0,0,189,20,8,12,2,2,11,1,185,12,49,21,29,17,0,5,59,0,12,0,82,4,96,22,27,9,7,16,16,2,10,100,127,50,25,20,20,43,19,34,22,12,8,3,14,10,117,5,14,0,27,1148,0,20,0,2,251,2,46,0,3,20,4,3,8,3,0,0,25,126,10,8,8,5,3,157
2021-01-15,128,0,55,0,85,3,64,58,161,4,21,16,35,0,16,0,110,12,32,20,12,4,11,0,130,1,42,46,55,8,0,10,3,2,7,0,111,6,38,1,78,8,2,10,12,0,9,100,42,44,3,89,0,78,10,6,3,3,92,16,21,6,71,40,7,0,23,895,0,9,16,0,116,23,15,8,9,14,2,2,8,4,0,6,8,89,0,3,0,2,2,85
2021-01-16,103,8,16,0,85,11,39,125,119,0,8,91,51,2,12,0,20,25,1,5,78,6,26,0,114,11,57,24,39,23,1,5,32,13,8,0,200,0,106,3,65,51,10,14,10,6,13,300,135,34,20,3,1,5,3,15,13,22,9,0,8,1,95,12,10,0,13,1014,0,72,9,2,258,10,27,0,13,21,0,6,41,8,1,3,15,96,4,5,7,9,2,109
2021-01-17,131,0,0,0,2,1,6,11,1,0,1,11,3,2,0,0,13,13,0,5,0,0,3,0,33,0,17,0,3,0,0,0,1,0,0,0,9,7,13,0,9,0,8,17,0,0,2,200,6,8,0,7,4,0,0,13,18,0,0,13,1,7,2,0,0,0,3,310,0,1,0,0,20,0,2,0,0,1,0,0,0,1,0,0,0,2,0,0,0,0,0,6
2021-01-18,0,0,0,0,0,0,0,0,0,0,0,0,0,0,0,0,0,0,0,0,0,0,0,0,1,0,0,0,1,0,0,0,0,0,0,0,0,0,0,0,0,0,0,0,0,0,0,200,0,3,0,0,0,0,0,0,0,0,0,0,0,0,0,0,0,0,0,167,0,0,0,0,0,0,0,0,0,0,0,0,0,0,0,0,0,0,0,0,0,0,0,1
2021-01-19,70,0,33,20,133,2,26,204,56,19,53,51,43,3,3,0,108,18,9,37,17,2,7,3,87,6,192,28,31,12,1,4,20,8,11,0,164,4,79,10,56,1,12,1,19,1,10,199,134,103,14,31,19,4,36,33,28,10,10,3,12,52,189,15,8,1,22,1029,1,1,5,1,166,14,20,2,10,8,0,46,3,2,17,2,8,272,4,30,0,11,9,117
2021-01-20,148,6,34,13,71,8,28,90,92,2,46,139,28,1,16,0,155,4,13,6,26,1,54,0,62,0,39,37,77,24,0,61,41,6,16,0,98,6,63,18,81,29,5,2,16,0,9,151,107,62,11,27,4,0,58,17,16,17,2,7,10,1,161,29,3,0,49,1048,0,0,1,1,87,22,21,0,1,21,1,26,9,2,3,6,8,110,1,77,3,7,1,156
2021-01-21,121,1,26,0,130,5,68,79,30,1,25,90,42,1,0,0,83,7,2,6,11,4,13,0,62,5,27,31,13,19,0,22,8,5,14,0,106,21,91,15,37,5,11,5,5,0,17,100,75,93,6,45,3,2,20,32,4,1,3,15,66,0,283,6,17,0,29,681,1,2,0,1,166,6,14,2,4,18,7,1,20,4,13,2,6,143,5,32,3,0,5,106
2021-01-22,0,0,0,0,0,0,0,4,1,0,1,0,0,0,0,0,11,0,0,0,0,0,0,0,1,0,0,0,7,1,0,0,1,0,0,0,1,0,1,0,0,0,0,0,0,0,0,100,1,4,0,0,0,0,0,0,2,0,0,0,1,0,5,0,0,0,0,482,0,3,0,0,19,0,1,0,0,0,0,1,1,1,0,0,0,10,0,0,1,0,0,8
2021-01-23,87,3,51,0,52,9,67,181,53,8,50,84,52,4,2,0,288,13,12,4,28,1,36,1,38,2,6,33,32,17,2,20,47,8,13,1,133,0,66,0,57,6,15,4,13,3,6,163,91,104,12,52,39,42,17,19,43,0,5,3,20,7,150,18,5,0,72,1098,1,46,6,1,664,30,20,6,5,14,2,1,27,5,24,1,7,303,9,210,15,22,27,375
2021-01-24,108,0,0,0,1,0,8,7,2,1,0,4,0,2,2,0,40,5,0,4,1,0,1,0,12,1,0,0,6,0,0,1,2,0,0,0,82,0,2,17,1,0,2,7,0,0,0,100,19,11,2,13,3,0,35,0,7,0,0,0,0,21,1,1,0,0,6,252,0,0,1,0,161,0,1,0,6,0,0,0,0,2,0,0,1,1,0,0,5,0,2,47
2021-01-25,0,0,0,0,0,0,0,0,0,0,0,0,0,0,0,0,0,0,0,0,0,0,0,0,0,0,0,0,0,0,0,0,0,0,0,0,0,0,0,0,0,0,0,0,0,0,1,100,0,1,0,0,0,0,0,0,0,0,0,0,0,0,0,0,0,0,0,131,0,0,0,0,0,0,1,0,0,0,0,0,0,0,0,0,0,0,0,0,0,0,0,0
2021-01-26,86,4,38,0,104,1,22,101,30,10,58,118,14,4,4,0,136,18,23,10,10,1,11,0,35,13,1,18,51,5,1,17,22,5,9,0,156,12,17,1,6,10,4,0,21,1,25,100,66,54,0,54,23,36,114,33,30,33,0,2,4,13,33,44,10,1,58,884,0,5,2,1,817,10,13,0,6,40,1,3,1,1,26,12,7,135,1,52,62,11,15,114
2021-01-27,94,0,48,0,30,5,13,260,12,14,20,45,25,0,3,0,209,5,1,52,90,2,28,0,30,0,14,9,32,20,0,14,5,4,10,0,70,10,28,10,19,20,18,1,9,2,4,101,150,50,1,32,2,30,14,0,6,35,4,15,40,21,38,26,1,0,111,785,0,17,1,0,213,19,4,5,3,8,10,40,6,2,10,2,3,204,1,54,13,5,0,150
2021-01-28,53,0,30,0,29,3,56,295,86,0,2,118,20,3,10,12,92,8,1,6,69,0,13,0,29,2,12,20,10,4,1,11,11,4,4,0,61,4,194,17,9,2,6,14,7,0,4,98,73,30,11,33,38,19,9,17,23,14,1,8,8,3,46,1,8,0,33,994,0,33,10,0,289,2,10,0,2,24,0,3,31,5,4,0,2,140,0,28,99,9,1,187
2021-01-29,64,0,38,0,44,2,31,253,101,22,25,56,19,1,6,1,190,7,12,24,75,25,10,0,68,1,31,32,42,6,0,17,0,1,8,0,54,0,87,17,18,2,3,26,7,0,5,100,76,43,1,19,12,4,43,11,8,28,2,3,0,10,43,12,0,0,97,788,0,54,3,1,554,12,15,5,6,16,10,22,8,11,2,0,2,149,0,91,122,5,16,242
2021-01-30,43,0,40,1,1,1,37,175,79,3,25,57,28,5,3,0,90,3,2,15,9,34,19,1,72,1,10,7,33,14,0,13,9,9,3,0,121,9,109,0,38,2,3,2,5,1,11,129,101,35,27,9,30,1,0,17,14,9,40,2,0,5,77,7,7,0,166,706,0,143,4,0,410,13,6,1,3,8,26,46,15,3,7,0,11,247,1,61,7,13,11,301
2021-01-31,0,0,1,0,0,0,0,2,0,0,0,0,1,0,0,0,0,0,0,0,0,0,0,0,3,0,0,1,0,0,0,0,0,0,0,0,1,0,0,0,1,0,0,0,0,0,1,54,0,0,0,0,0,0,0,1,0,0,0,0,0,0,0,0,0,0,0,166,0,0,0,0,3,0,1,0,0,0,0,0,0,0,0,0,0,0,0,0,1,0,0,0
2021-02-01,60,0,0,0,45,0,25,19,3,0,0,3,1,2,1,0,178,4,8,16,2,2,1,0,13,0,0,2,10,0,1,0,9,0,0,0,66,14,1,0,2,0,3,8,1,0,3,70,39,18,0,6,2,0,173,5,10,1,1,0,0,3,0,0,2,0,19,111,0,1,0,3,994,4,7,0,9,2,0,1,0,0,0,0,0,1,0,23,0,0,0,23
2021-02-02,83,0,25,0,1,7,30,121,21,10,51,85,30,1,2,0,191,4,0,48,58,0,17,1,30,8,3,19,32,5,0,14,16,3,2,1,160,1,109,1,32,16,13,1,23,1,10,76,85,67,3,28,7,29,44,15,6,3,0,1,11,17,61,45,4,0,162,569,0,22,0,3,133,16,61,0,8,17,0,21,5,0,9,6,19,146,2,79,36,13,12,151
2021-02-03,14,8,11,0,0,1,77,106,65,1,13,92,41,0,1,2,359,2,1,7,77,7,6,3,26,0,14,30,24,5,1,2,4,5,2,0,124,13,90,7,79,5,8,14,2,0,9,74,107,45,5,10,4,4,42,8,9,13,14,7,20,6,47,35,0,0,51,648,3,17,0,2,155,11,48,0,6,21,0,9,6,2,0,0,5,247,1,63,25,14,2,105
2021-02-04,88,0,24,7,0,1,25,93,32,12,36,34,43,1,4,3,162,5,1,19,78,23,4,1,82,0,8,11,16,17,0,1,1,2,2,0,97,3,87,27,11,4,4,2,2,0,3,72,51,39,3,38,17,0,33,17,1,2,12,2,16,2,56,28,1,1,27,711,0,9,0,1,69,5,20,0,2,7,0,66,5,1,8,2,18,195,0,26,61,4,0,148
2021-02-05,44,0,14,6,23,2,45,112,60,5,13,29,39,3,10,1,108,5,1,4,13,1,7,1,71,0,1,24,27,13,2,0,22,1,1,1,131,11,47,9,47,3,9,4,3,0,10,70,46,60,2,12,20,1,23,16,6,0,2,2,13,3,84,25,3,0,19,486,0,70,5,0,259,17,30,1,2,11,0,43,8,17,15,4,8,156,2,48,24,8,1,152
2021-02-06,6,1,7,0,175,4,49,93,17,5,19,28,31,4,2,0,25,2,0,12,1,0,2,0,34,6,1,30,60,7,1,0,21,2,0,0,159,2,0,2,25,5,6,5,13,0,2,65,76,48,1,52,3,1,44,7,2,2,7,8,9,5,74,33,3,0,10,467,0,2,17,0,342,6,28,3,4,3,2,22,13,1,8,0,4,188,6,63,88,11,2,96
2021-02-07,0,0,0,0,0,0,0,0,0,0,0,0,0,0,0,0,0,0,0,0,0,0,0,0,0,0,0,0,0,0,0,0,0,0,0,0,0,0,0,0,0,0,0,0,0,0,0,63,0,0,0,0,0,0,0,0,0,0,0,0,0,0,0,0,0,0,0,99,0,0,0,0,0,0,0,0,0,0,0,0,0,0,0,0,0,0,0,0,0,0,0,0
2021-02-08,24,0,19,0,1,3,66,29,15,0,16,22,9,0,3,0,46,19,1,9,1,3,2,1,35,6,1,21,65,0,0,12,14,1,2,0,193,12,9,12,30,9,9,7,20,10,4,60,29,49,4,15,14,0,101,24,13,12,1,0,0,10,7,20,0,0,5,137,0,5,0,0,588,0,3,0,6,5,3,24,2,2,1,1,0,101,2,10,27,1,8,50
2021-02-09,0,0,0,0,0,0,0,0,1,0,0,9,0,0,0,0,1,0,0,0,0,0,0,0,1,0,0,0,1,2,0,0,0,0,0,0,4,0,1,0,0,0,0,0,0,0,1,67,0,0,0,0,0,0,2,0,0,0,0,0,0,0,0,0,0,1,2,900,0,0,0,0,10,0,0,0,0,1,0,1,0,0,0,0,0,0,0,3,0,0,0,1
2021-02-10,45,0,74,0,42,4,49,156,189,12,51,108,40,2,10,2,428,14,2,26,13,27,32,1,74,0,11,33,100,24,0,25,79,5,1,1,169,11,95,20,259,17,6,3,6,19,13,92,97,135,2,53,20,5,101,15,6,9,2,12,11,7,200,59,6,0,38,641,2,55,6,2,1098,31,24,0,7,73,0,43,6,11,61,2,23,200,10,207,40,15,4,256
2021-02-11,23,4,11,0,20,1,25,34,21,0,29,30,0,3,0,0,76,2,1,0,1,48,2,1,9,3,0,16,23,6,1,13,34,0,0,0,34,3,43,2,24,1,1,6,0,1,0,84,21,19,1,55,0,0,36,4,3,10,2,0,15,6,13,4,3,0,5,729,0,1,3,0,250,1,14,0,0,5,2,8,10,3,15,0,8,69,0,18,9,5,0,50
2021-02-12,42,2,52,0,10,0,1,90,69,5,15,22,47,2,3,2,58,12,0,11,1,2,5,1,20,1,8,43,46,5,0,15,26,1,1,0,67,8,21,5,13,3,7,0,11,0,6,84,30,92,1,31,4,0,72,6,10,5,1,5,10,0,37,21,1,0,16,744,0,62,0,1,356,9,8,0,1,9,13,21,1,3,14,0,1,94,1,51,43,3,11,137
2021-02-13,36,0,27,0,3,0,24,57,106,1,18,11,32,0,8,0,12,2,0,4,2,43,5,0,16,0,0,23,8,1,0,7,26,5,1,0,109,0,16,0,7,3,12,1,0,2,3,84,44,77,2,5,3,1,19,6,3,4,4,4,4,2,104,23,1,1,9,67,0,17,3,0,558,12,7,0,0,11,3,17,3,4,12,7,9,146,1,47,92,6,0,105
2021-02-14,28,0,0,0,0,0,29,13,5,4,0,10,0,0,1,0,2,1,0,11,1,1,0,0,7,1,0,0,13,0,0,2,1,0,1,0,21,6,1,0,1,0,6,9,0,0,6,60,0,76,2,9,8,0,170,1,7,0,0,0,2,1,0,2,3,1,2,75,0,0,3,0,46,0,7,0,2,1,0,8,0,1,0,0,1,4,0,28,3,0,2,89
2021-02-15,2,0,1,0,0,0,6,28,2,0,0,2,2,0,0,0,2,4,0,3,0,0,0,0,0,0,1,0,5,0,0,0,0,0,0,0,79,0,0,0,0,0,0,0,0,0,3,57,0,43,1,1,0,0,1,6,12,0,0,0,2,4,0,9,7,0,1,36,0,0,0,0,147,0,3,0,1,1,0,5,0,0,0,0,0,0,0,33,2,0,0,194
2021-02-16,1,0,23,0,9,0,10,32,4,0,0,25,4,0,5,0,3,3,1,0,8,1,1,0,19,4,0,0,9,1,0,2,2,1,0,0,164,0,1,1,1,0,7,10,0,0,3,57,10,62,2,0,2,2,53,1,2,0,0,0,5,4,0,8,0,0,45,7592,0,0,0,0,26,0,5,0,2,0,6,10,0,0,0,0,0,1,3,39,5,0,0,88
2021-02-17,3,0,0,0,0,0,0,2,5,0,0,2,0,5,0,0,1,3,0,0,0,0,0,1,4,0,0,0,9,0,0,0,1,0,1,0,34,11,3,1,0,0,2,2,0,0,2,57,5,26,0,6,0,0,33,0,6,0,0,0,5,11,0,0,2,3,1,122,0,0,1,0,16,0,9,0,2,1,0,54,0,1,0,0,3,0,0,87,0,0,0,46
2021-02-18,10,1,26,0,0,0,20,32,112,12,21,18,4,1,0,2,17,1,1,9,0,0,3,0,16,1,1,17,5,9,1,9,0,0,0,0,23,1,3,17,2,2,7,0,0,0,8,58,34,159,0,31,1,0,30,2,2,1,0,0,24,1,1,5,0,0,6,1030,0,1,2,0,318,0,17,0,1,5,0,3,0,1,0,0,0,31,1,47,5,7,1,178
2021-02-19,74,1,66,0,1,4,7,49,34,9,25,81,10,0,6,5,27,11,0,7,4,1,23,0,20,0,25,43,34,8,0,4,18,8,3,0,80,8,86,0,19,5,9,6,11,0,1,60,18,50,2,12,16,3,43,4,3,2,1,7,1,3,83,17,0,0,35,498,0,12,8,0,165,12,42,0,0,21,0,22,3,8,1,9,3,112,2,14,19,1,9,102
2021-02-20,10,3,27,0,1,2,8,97,7,1,20,40,29,1,4,0,35,3,3,5,12,0,6,0,20,3,2,13,40,9,1,13,12,2,1,1,61,1,58,1,19,1,3,8,23,0,28,50,43,58,1,41,17,3,52,7,4,9,8,0,4,7,58,3,1,0,40,531,0,36,3,3,348,3,28,0,0,10,0,15,2,11,28,0,4,133,1,6,2,5,5,36
2021-02-21,14,0,0,0,0,0,24,7,2,0,0,6,0,1,6,0,9,2,0,7,1,0,1,0,3,0,0,1,1,2,0,0,0,0,0,0,7,5,0,0,0,0,0,2,0,0,2,37,0,6,1,5,0,1,117,1,5,0,0,1,0,1,0,0,1,0,5,88,0,0,1,0,178,0,1,0,1,0,0,1,0,1,0,0,0,0,0,0,2,0,1,15
2021-02-22,2,0,0,0,0,0,4,8,0,0,0,0,1,0,0,0,2,4,3,5,0,0,5,0,5,0,0,0,7,0,0,0,0,0,0,0,42,3,3,0,0,0,0,5,0,0,0,40,0,2,1,26,0,0,199,1,14,0,0,0,0,0,0,0,0,0,5,152,0,0,0,0,264,0,0,0,2,0,0,0,0,0,0,0,0,0,0,1,5,0,5,43
2021-02-23,0,0,0,0,1,0,0,3,0,0,0,6,0,0,0,0,5,0,0,0,0,0,0,0,1,0,0,0,0,0,0,0,0,0,0,0,0,0,0,0,2,0,1,0,0,0,2,33,1,3,0,0,0,0,2,0,0,0,0,0,0,0,0,0,3,0,3,332,0,0,1,0,6,0,0,0,0,2,0,0,0,0,0,0,0,0,0,2,0,0,1,1
2021-02-24,37,3,76,1,52,2,33,112,102,10,41,68,30,2,9,1,189,24,3,11,3,5,5,1,44,13,26,87,26,15,3,18,32,4,6,0,132,7,218,21,14,3,20,8,4,0,6,65,136,169,7,43,6,2,74,16,17,8,6,2,17,14,99,16,15,0,32,168,0,27,2,4,508,8,122,5,6,67,0,46,0,14,3,2,19,232,8,70,53,13,3,257
2021-02-25,32,3,32,0,6,5,17,42,49,0,10,36,11,1,7,0,144,8,0,2,7,1,1,0,18,7,3,30,23,4,0,19,16,0,2,0,58,3,49,3,22,0,7,7,6,2,5,63,54,69,18,17,0,1,60,8,2,8,0,0,38,11,61,2,3,29,19,217,0,1,8,4,178,12,94,0,3,29,0,32,1,16,11,0,3,63,0,21,6,14,0,61
2021-02-26,0,0,0,0,0,0,0,0,2,0,0,2,0,0,0,0,9,0,0,1,0,0,0,0,4,0,2,0,4,0,0,0,0,0,0,0,1,0,0,0,1,0,1,0,0,0,2,63,4,12,0,0,0,0,2,0,0,1,0,0,0,0,2,0,0,0,4,267,0,0,0,0,9,0,4,0,0,0,0,1,0,1,0,0,0,23,0,2,0,0,0,0
2021-02-27,39,1,53,1,10,2,14,37,33,0,9,102,38,7,8,0,59,6,4,7,1,8,10,0,67,9,4,32,20,7,0,25,25,1,0,0,120,15,16,1,35,3,6,11,6,3,17,65,64,124,3,14,3,21,55,12,14,6,14,1,5,7,54,18,6,5,39,411,1,61,4,2,181,3,61,0,1,18,2,34,6,15,0,0,12,142,0,38,9,2,4,213
2021-02-28,0,1,1,0,1,0,9,9,11,0,0,14,9,0,1,0,6,4,1,4,4,1,2,0,15,1,6,0,5,0,2,4,7,0,0,0,50,0,6,10,0,1,2,5,0,0,5,60,4,21,1,5,3,3,31,2,8,2,4,0,2,4,38,0,0,0,8,158,0,24,1,0,189,1,5,0,3,2,0,1,3,0,0,0,5,36,0,31,1,2,0,25
2021-03-01,2,1,0,3,0,0,4,0,2,0,0,2,1,1,0,0,1,3,1,0,1,1,4,0,4,1,0,0,17,0,2,2,1,0,1,0,14,0,0,8,1,0,0,4,0,0,2,66,12,43,3,17,1,1,10,14,4,0,0,0,22,3,8,0,0,0,4,190,1,0,0,0,213,1,8,0,1,1,2,0,0,0,0,0,1,0,0,32,4,1,0,4
2021-03-02,4,0,11,0,1,3,9,35,5,7,3,39,1,2,9,0,47,9,1,6,5,2,14,0,16,4,3,7,7,5,4,6,27,5,1,0,45,7,4,9,1,11,3,6,76,1,3,70,49,21,9,2,4,4,23,0,2,2,1,0,2,7,44,7,1,3,10,445,0,2,1,1,263,7,39,0,0,67,0,10,0,1,0,4,2,64,1,63,25,6,2,97
,,,,,,,,,,,,,,,,,,,,,,,,,,,,,,,,,,,,,,,,,,,,,,,,,,,,,,,,,,,,,,,,,,,,,,,,,,,,,,,,,,,,,,,,,,,,
